objectid,imagecount,mediacount,colorcount,rank,datebegin,dateend
1429,27,0,7,126496,2005,2005
4586,2,0,9,126508,2005,2005
4615,1,0,9,126517,2005,2005
4640,1,0,9,126511,2005,2005
4728,0,0,10,214609,2006,2006
4927,2,0,7,125205,1600,1699
4988,1,0,10,440,1822,1822
5109,2,0,5,126255,1764,1764
5144,1,0,10,126506,2006,2006
5145,2,0,9,126502,2006,2006
5204,1,0,9,126510,2006,2006
5205,1,0,9,126512,1990,1990
5211,1,0,9,134535,1881,1891
5215,1,0,10,126499,2006,2006
5216,1,0,9,126504,2006,2006
5217,1,0,10,126507,2006,2006
5218,1,0,9,126503,2006,2006
5219,1,0,9,126501,2006,2006
5220,1,0,9,126521,2006,2006
5221,1,0,10,126520,1990,1990
5222,2,0,9,126518,1990,1990
5240,1,0,10,365,1868,1868
5244,1,0,7,125633,1767,1899
5265,1,0,10,143693,1612,1622
5368,2,0,10,126513,1991,1991
5369,1,0,9,126500,2006,2006
5499,1,0,10,126509,2006,2006
5500,1,0,9,126515,2006,2006
5501,1,0,9,126505,2006,2006
5502,1,0,9,126519,1991,1991
5524,1,0,9,126514,2006,2006
5525,1,0,9,126498,2006,2006
5649,2,0,6,125879,1896,1898
5673,1,0,8,126516,2005,2005
5855,3,0,4,125881,1896,1898
5858,1,0,8,126459,1910,1970
6009,1,0,9,126352,1863,1873
6259,2,0,6,125880,1896,1898
6260,1,0,7,125877,1896,1898
6532,2,0,10,50914,0,0
7556,1,0,10,126531,1909,1919
8000,1,0,10,127510,1999,1999
11619,0,0,9,126456,1958,1958
12455,0,0,10,126427,1915,1925
12550,2,0,7,68761,1896,1896
18406,1,0,2,90982,0,0
18407,1,0,7,90984,0,0
18408,1,0,7,90989,0,0
18409,1,0,7,90942,0,0
18429,1,0,6,90981,0,0
18430,1,0,7,90983,0,0
18431,1,0,8,90987,0,0
18432,1,0,5,90990,0,0
18496,1,0,6,90985,0,0
18497,1,0,5,90986,0,0
18498,1,0,7,90988,0,0
18550,1,0,4,90979,0,0
18551,1,0,6,90980,0,0
18578,1,0,7,90946,0,0
18579,1,0,5,90949,0,0
18580,1,0,6,90950,0,0
18581,1,0,6,90951,0,0
18582,1,0,6,90952,0,0
18583,1,0,5,90961,0,0
18584,1,0,5,90962,0,0
18585,1,0,5,90969,0,0
18586,1,0,6,90970,0,0
18587,1,0,6,90971,0,0
18588,1,0,6,90948,0,0
18589,1,0,5,90953,0,0
18590,1,0,7,90955,0,0
18591,1,0,5,90958,0,0
18592,1,0,6,90964,0,0
18593,1,0,6,90966,0,0
18594,1,0,5,90968,0,0
18595,1,0,6,90973,0,0
18602,1,0,5,90960,0,0
18615,1,0,5,90972,0,0
18623,1,0,5,90977,0,0
18631,1,0,7,90967,0,0
18632,1,0,6,90974,0,0
18638,1,0,4,90975,0,0
18639,1,0,7,90978,0,0
18647,1,0,4,90976,0,0
19028,1,0,7,90938,0,0
19029,1,0,6,90939,0,0
19057,1,0,6,90936,0,0
19058,1,0,5,90937,0,0
19059,1,0,6,90940,0,0
19060,1,0,7,90943,0,0
19061,1,0,5,90944,0,0
19062,1,0,4,90959,0,0
19071,1,0,4,90941,0,0
19072,1,0,5,90945,0,0
19073,1,0,7,90947,0,0
19074,1,0,6,90954,0,0
19075,1,0,5,90956,0,0
19076,1,0,5,90957,0,0
19077,1,0,6,90963,0,0
19078,1,0,7,90965,0,0
19217,2,0,6,125893,1830,1900
19278,1,0,9,134489,1870,1940
20471,1,0,10,125868,1880,1880
20714,2,0,9,125895,1937,1937
20901,1,0,10,125864,1860,1870
20919,1,0,10,125863,1865,1865
20969,1,0,10,125793,1931,1931
20971,0,0,9,380,1991,1991
20975,6,0,10,125871,1867,1867
20976,2,0,8,125892,1909,1909
20977,2,0,6,125878,1896,1898
21116,3,0,6,398,2004,2004
29849,1,0,8,134534,1906,1906
29888,3,0,7,154895,1881,1891
29921,1,0,7,214607,2000,2000
30615,1,0,3,105708,1831,1831
30616,1,0,4,105710,1831,1831
30696,1,0,5,105706,1831,1831
30697,1,0,4,105703,1831,1831
30758,0,0,10,214893,1997,1997
30850,0,0,10,214608,1994,1994
30960,1,0,3,105707,1831,1831
30961,1,0,3,105709,1831,1831
31128,2,0,6,152298,1801,1811
31141,2,0,10,125771,1743,1753
31155,1,0,9,117,1856,1866
31157,1,0,10,125736,1878,1878
31158,1,0,7,125737,1890,1900
31169,1,0,6,126351,1856,1866
31171,1,0,10,125770,1743,1753
31172,2,0,9,152297,1805,1815
31173,1,0,10,125772,1881,1881
47201,1,0,10,214606,1909,1919
47485,1,0,10,45860,1957,1957
47501,1,0,4,109934,1644,1911
47502,1,0,3,109935,1644,1911
47503,1,0,5,109936,1644,1911
47504,1,0,3,109940,1644,1911
47600,1,0,10,86971,0,0
47630,1,0,10,133570,1684,1688
47768,1,0,3,109938,1644,1911
47769,1,0,3,109939,1644,1911
47770,1,0,6,109941,1866,1899
47969,1,0,5,109933,1644,1911
48082,1,0,9,109957,1800,1899
48083,1,0,4,110019,1800,1911
48084,1,0,10,110021,1800,1911
48085,1,0,10,110022,1800,1911
48125,1,0,8,109959,1800,1899
48126,1,0,10,109961,1800,1899
48127,1,0,8,109962,1800,1899
48128,1,0,10,109964,1800,1899
48129,1,0,7,110024,1800,1911
48130,1,0,8,110026,1800,1911
48131,1,0,6,110027,1800,1911
48132,1,0,7,110037,1700,1769
48145,1,0,8,109960,1800,1899
48146,1,0,10,109963,1800,1899
48147,1,0,9,110020,1800,1911
48148,1,0,8,110023,1800,1911
48149,1,0,6,110028,1800,1911
48182,1,0,8,109958,1800,1899
48183,1,0,7,110025,1800,1911
48241,1,0,5,109930,1644,1911
48242,1,0,4,109932,1644,1911
48243,1,0,4,109937,1644,1911
48289,1,0,5,109931,1644,1911
48331,1,0,3,109942,1644,1911
48332,1,0,7,109944,1644,1911
48370,1,0,5,109943,1644,1911
48371,1,0,5,109945,1644,1911
48509,0,0,9,214605,2005,2005
48601,2,0,8,110123,0,0
48602,1,0,5,110177,0,0
48603,1,0,7,110182,0,0
48604,1,0,3,110199,1644,1899
48606,1,0,8,110226,0,0
48607,1,0,8,110229,0,0
48613,1,0,8,110014,0,0
48614,1,0,8,110005,0,0
48644,1,0,9,109987,0,0
48645,1,0,9,109988,0,0
48646,1,0,9,109990,0,0
48647,1,0,10,109991,0,0
48648,1,0,10,109992,0,0
48649,1,0,10,109993,0,0
48650,1,0,7,110030,1700,1769
48651,1,0,9,110031,1700,1769
48652,1,0,6,110034,1700,1769
48665,1,0,8,110032,1700,1769
48666,1,0,8,110035,1700,1769
48670,1,0,10,109989,0,0
48671,1,0,10,109994,0,0
48672,1,0,8,110033,1700,1769
48673,1,0,7,110036,1700,1769
48783,1,0,4,110176,0,0
48784,1,0,5,110179,0,0
48785,1,0,5,110181,0,0
48786,1,0,4,110193,1644,1899
48787,1,0,6,110195,1644,1899
48788,1,0,6,110196,1644,1899
48789,1,0,3,110200,1644,1899
48793,1,0,10,110221,0,0
48794,1,0,8,110223,0,0
48795,1,0,8,110224,0,0
48796,1,0,8,110227,0,0
48797,1,0,9,110230,0,0
48798,2,0,10,154607,1906,1908
48828,2,0,10,110124,0,0
48829,2,0,8,110125,0,0
48830,1,0,3,110178,0,0
48831,1,0,5,110183,0,0
48832,1,0,4,110197,1644,1899
48833,1,0,5,110198,1644,1899
48834,2,0,8,110120,0,0
48835,2,0,10,110127,0,0
48836,1,0,4,110180,0,0
48837,1,0,3,110194,1644,1899
48842,1,0,9,110222,0,0
48843,1,0,7,110225,0,0
48844,1,0,6,110228,0,0
48847,1,0,8,110012,0,0
48848,1,0,9,110011,0,0
48849,1,0,9,110006,0,0
48887,1,0,10,110013,0,0
48888,1,0,9,110007,0,0
48934,1,0,5,110231,0,0
48935,1,0,7,110232,0,0
48939,1,0,10,110010,0,0
48940,1,0,10,110009,0,0
48941,1,0,9,110008,0,0
49005,0,0,10,214589,1944,1944
49007,0,0,10,214890,1952,1952
49026,1,0,5,110000,0,0
49038,1,0,8,110063,0,0
49048,1,0,10,110064,0,0
49049,1,0,6,110067,0,0
49050,1,0,6,110068,0,0
49051,1,0,7,110079,0,0
49052,1,0,5,110080,0,0
49053,1,0,7,110081,0,0
49054,1,0,6,110082,0,0
49055,1,0,8,110083,0,0
49056,2,0,6,110108,0,0
49057,2,0,7,110109,0,0
49101,2,0,10,110115,0,0
49113,2,0,6,110119,0,0
49114,2,0,9,110121,0,0
49115,2,0,8,110122,0,0
49116,2,0,8,110126,0,0
49117,1,0,9,110069,0,0
49118,1,0,5,110076,0,0
49119,1,0,7,110077,0,0
49120,1,0,6,110084,0,0
49121,1,0,8,110085,0,0
49122,1,0,9,110088,0,0
49123,2,0,10,110111,0,0
49124,2,0,8,110112,0,0
49125,2,0,8,110114,0,0
49126,2,0,10,110118,0,0
49149,1,0,6,110066,0,0
49150,1,0,5,110071,0,0
49151,1,0,9,110072,0,0
49152,1,0,7,110073,0,0
49153,1,0,6,110090,0,0
49154,2,0,10,110107,0,0
49155,1,0,9,110116,0,0
49156,2,0,9,110117,0,0
49169,1,0,6,110053,0,0
49170,1,0,10,110056,0,0
49184,1,0,4,110003,0,0
49190,1,0,7,110054,0,0
49191,1,0,5,110055,0,0
49192,1,0,10,110057,0,0
49193,1,0,7,110060,0,0
49194,1,0,7,110061,0,0
49213,1,0,10,110058,0,0
49214,1,0,7,110059,0,0
49215,1,0,6,110062,0,0
49216,1,0,5,110070,0,0
49217,1,0,5,110074,0,0
49218,1,0,9,110075,0,0
49219,1,0,7,110078,0,0
49220,1,0,6,110086,0,0
49221,1,0,4,110087,0,0
49222,1,0,4,110089,0,0
49223,1,0,8,110091,0,0
49224,2,0,7,110110,0,0
49225,2,0,10,110113,0,0
49265,1,0,3,109997,0,0
49266,1,0,5,109998,0,0
49267,1,0,5,109999,0,0
49268,1,0,5,110002,0,0
49269,5,0,10,110047,1700,1732
49278,1,0,8,110052,0,0
49279,1,0,9,110065,0,0
49353,0,0,10,214603,2005,2005
49385,1,0,10,214600,1906,1906
49409,0,0,10,214604,2005,2005
49502,1,0,6,110001,0,0
49511,1,0,4,109996,0,0
49614,0,0,3,214602,2004,2004
50187,0,0,7,124834,1979,1979
50190,0,0,5,125738,1945,1945
50447,1,0,8,214601,1899,1899
50567,0,0,10,124017,1956,1956
50581,1,0,10,394,1893,1893
50597,0,0,10,125368,1952,1952
50600,1,0,10,143184,1854,1855
50618,0,0,10,124835,1987,1987
53776,2,0,10,152299,1782,1782
53814,2,0,8,152300,1782,1782
54269,0,0,10,125640,1980,1980
54284,0,0,10,125641,1999,1999
54440,1,0,10,214888,2002,2002
54447,1,0,10,214887,1800,1899
54450,0,0,9,214599,2004,2004
54629,0,0,10,125639,1980,1980
54691,2,0,10,60256,1933,1933
54847,1,0,9,125785,0,0
55196,1,0,6,125433,1700,1800
55197,1,0,9,362,1660,1700
55201,0,0,10,214595,2004,2004
55204,2,0,4,138771,1400,1500
55219,1,0,3,52512,1644,1900
55256,1,0,9,55467,1867,1899
55310,1,0,8,134529,1902,1912
55315,1,0,10,134531,1903,1904
55317,1,0,8,134533,1909,1919
55318,1,0,7,134532,1896,1906
55319,1,0,6,134528,1923,1933
55320,1,0,9,134530,1915,1925
55584,0,0,10,214548,2001,2001
55585,1,0,10,214598,1865,1865
55587,0,0,10,214596,0,0
56068,0,0,10,214594,2005,2005
56069,0,0,10,214883,1963,1963
56070,1,0,6,214597,1913,1913
56142,0,0,8,214882,0,0
56146,0,0,10,214884,1953,1953
56564,0,0,6,127511,1957,1957
56729,1,0,10,125803,1926,1926
57330,0,0,6,127513,1946,1956
57881,1,0,7,52208,0,0
58213,1,0,9,125490,2004,2004
58250,1,0,10,214885,1953,1953
58252,2,0,3,138769,1400,1500
58259,2,0,10,214592,1963,1963
58260,0,0,10,214593,1921,1931
58263,2,0,5,138775,1295,1305
58971,2,0,5,138781,1150,1180
59002,2,0,6,138777,1375,1400
59003,2,0,6,138772,1200,1400
59177,2,0,3,138782,1100,1200
59417,2,0,6,138774,1200,1400
59447,2,0,5,138779,1300,1399
59558,1,0,10,126699,1944,1954
59905,2,0,5,138780,1300,1399
64603,0,0,8,126377,1984,1984
64604,0,0,9,126379,1974,1974
64605,1,0,6,115908,1667,1700
70196,0,0,10,125397,2001,2001
70468,1,0,6,115906,1667,1700
70470,4,0,6,127071,1747,1747
70505,1,0,8,115905,1667,1700
70506,2,0,8,115907,1667,1700
70507,1,0,6,115909,1667,1700
70759,4,0,8,126376,1984,1984
70760,0,0,5,126378,1981,1981
70783,0,0,10,126375,1977,1977
70784,0,0,10,126380,1977,1980
71144,1,0,10,127131,1965,1965
73664,0,0,8,122269,1959,1959
73665,8,0,7,126368,1960,1960
73666,0,0,9,126370,1986,1986
73715,1,0,10,124922,1964,1964
73716,0,0,8,126372,1986,1986
73717,0,0,8,138863,2003,2003
73718,0,0,8,126371,1984,1984
73727,0,0,8,126373,1992,1992
73728,0,0,10,126374,1961,1961
73729,0,0,9,126369,1986,1986
73736,0,0,10,122268,1959,1959
73738,0,0,10,126367,1987,1987
76807,0,0,10,125151,1920,1920
76869,0,0,10,27,2001,2001
77189,0,0,6,124920,1959,1959
77208,0,0,10,124921,1990,1990
77209,0,0,8,150726,1991,1992
78047,1,0,7,125011,1993,1993
78048,16,0,4,153087,1599,1599
78266,2,0,7,125014,1820,1870
78267,1,0,7,125013,1600,1800
92241,2,0,10,124941,1969,1970
92536,1,0,4,52681,618,712
92623,0,0,4,124910,1900,1970
92624,0,0,9,124913,1930,1970
92625,2,0,7,125021,1900,2000
92628,1,0,6,124902,1800,1900
92838,2,0,10,124904,1800,2000
92839,2,0,5,124907,1800,2000
92840,0,0,8,124914,1961,1961
92890,3,0,6,124900,1814,1814
92891,1,0,6,124901,1800,1850
92911,4,0,6,124848,0,0
92914,0,0,10,124912,1930,1970
92915,3,0,6,125018,1908,1908
92916,3,0,3,125017,1850,1900
92917,2,0,5,124909,1870,2000
92918,0,0,10,124911,1962,1962
93010,24,0,8,109121,1662,1662
93011,3,0,8,109134,1661,1703
93012,2,0,7,109145,0,0
93103,26,0,8,109120,1662,1662
93104,2,0,6,109144,0,0
93316,3,0,10,109133,1661,1703
93453,0,0,8,124847,1900,2000
93456,2,0,7,124906,1800,2000
93457,0,0,10,124908,1945,2000
93461,3,0,4,124899,1570,1700
93488,1,0,10,109095,1650,1659
93616,1,0,6,124826,1800,1850
93624,0,0,10,124844,1900,1999
93656,3,0,5,139487,1910,1916
93660,1,0,9,124825,1700,1750
93704,0,0,10,124846,1900,1999
93768,1,0,9,125012,1600,1800
93770,2,0,5,125020,1870,1940
93771,2,0,6,125019,1870,1940
93773,2,0,8,125015,1820,1870
93776,0,0,9,124845,1900,1999
93777,2,0,5,124903,1800,2000
93966,2,0,10,109451,1600,1632
93967,2,0,9,109452,1600,1632
94222,14,0,10,133575,1684,1688
94379,5,0,10,109097,1650,1659
94500,0,0,8,123264,1924,1924
94502,0,0,5,123262,1940,1940
94578,6,0,5,133573,1684,1688
94779,0,0,7,123263,1940,1940
94937,1,0,10,91468,1300,1300
95006,0,0,10,214590,2000,2000
96180,2,0,7,110191,0,0
96397,0,0,10,124804,1959,1959
96399,1,0,10,124807,1960,1960
96435,1,0,10,124806,1951,1951
96460,1,0,9,124805,1948,1958
97245,1,0,10,124704,0,0
97246,1,0,10,124711,0,0
97292,1,0,10,124709,0,0
97309,0,0,10,124788,1989,1989
97363,1,0,10,232,1899,1899
97372,1,0,7,124728,1957,1967
97541,1,0,10,124703,0,0
97542,1,0,9,124705,0,0
97551,1,0,7,124706,0,0
97552,1,0,6,124708,0,0
97556,1,0,10,124707,0,0
97557,1,0,10,124710,0,0
97995,1,0,10,214587,2002,2002
98571,0,0,9,124937,1992,1992
98856,1,0,10,214586,0,0
98960,1,0,10,214588,2002,2002
99370,1,0,9,124808,1951,1951
99764,1,0,10,455,1884,1894
99835,4,0,7,124348,1820,1860
99836,2,0,7,124351,1820,1860
99848,2,0,8,124349,1820,1860
99875,2,0,10,99699,0,0
99890,2,0,8,124350,1820,1860
99891,0,0,7,124352,1900,1930
99892,2,0,6,124582,1760,1800
99893,2,0,6,124583,1760,1800
100274,1,0,10,99812,0,0
100429,0,0,7,214584,1908,1908
101457,1,0,10,214572,1881,1881
101510,1,0,8,214576,1833,1843
101512,3,0,7,214580,1877,1887
101712,0,0,9,214566,0,0
101713,1,0,10,214568,0,0
101714,2,0,10,214571,1836,1846
101718,1,0,10,214581,1899,1899
101774,1,0,10,214567,1885,1895
101775,1,0,10,214573,1909,1910
101776,0,0,10,214575,0,0
117125,0,0,10,124663,1968,1968
117347,2,0,7,44,1740,1770
141445,0,0,7,89844,1958,1958
141984,1,0,6,214560,1850,1850
141985,0,0,10,214564,1959,1959
142029,1,0,8,116630,1625,1649
142129,0,0,10,214558,1932,1932
142213,2,0,8,214555,1894,1894
142214,1,0,7,214556,1828,1838
142317,0,0,10,214553,1975,1975
142318,0,0,10,214554,1978,1978
142914,0,0,10,124142,1954,1954
143028,0,0,10,123915,2001,2001
143235,0,0,10,124843,1946,1946
143495,1,0,10,124169,1905,1905
145889,1,0,10,50234,0,0
146254,2,0,10,109156,1600,1632
146620,1,0,10,109155,1600,1632
146621,0,0,10,214551,2000,2000
146758,2,0,7,123614,1400,1599
146946,1,0,10,124141,1801,1900
147458,1,0,7,123375,1600,1800
147763,0,0,8,124662,1996,1996
148037,1,0,8,214549,1901,1901
148373,0,0,10,214547,2001,2001
148377,2,0,10,214550,1950,1950
149263,0,0,5,124355,1977,1977
149288,1,0,8,123339,0,0
149321,1,0,10,123337,1859,1859
149325,1,0,10,123338,0,0
149492,1,0,10,123443,1833,1866
165005,1,0,10,123328,1842,1852
165401,0,0,7,122554,1908,1908
165462,1,0,10,123270,1623,1633
167757,1,0,9,123076,100,200
167925,1,0,7,121510,1999,1999
169024,1,0,5,122482,1600,1700
169327,0,0,8,127700,0,0
169496,2,0,10,81184,17,17
172716,0,0,3,137087,1962,1962
172725,1,0,7,122483,1840,1900
172846,0,0,10,122461,1967,1967
172847,1,0,7,122458,1999,1999
173035,1,0,7,122484,1840,1900
173055,0,0,10,122579,1965,1965
173154,0,0,8,119880,1939,1939
173163,1,0,10,122523,1848,1858
173198,0,0,3,137088,1962,1962
173199,0,0,2,137089,1962,1962
173200,0,0,3,137090,1962,1962
173201,0,0,5,137091,1962,1962
173246,1,0,8,123129,1495,1505
173274,0,0,10,122553,1967,1967
173527,1,0,10,132624,1943,1944
173594,15,0,8,140,1892,1892
173617,4,0,6,377,1700,1800
173815,0,0,10,122467,1982,1982
173935,1,0,10,106483,1800,1900
174134,0,0,9,214545,2000,2000
174248,2,0,7,122384,1730,1770
174439,2,0,6,122383,1783,1793
174652,1,0,10,122487,2000,2000
174781,3,0,8,122382,1730,1770
174782,2,0,10,122385,2000,2000
174842,4,0,7,122379,1870,1935
174904,0,0,10,122449,1999,2000
174914,0,0,8,122252,1999,1999
174915,1,0,9,122305,1575,1580
174968,8,0,5,122377,1701,1701
175117,1,0,7,3421,1866,1866
175129,1,0,9,122297,1900,1910
175142,6,0,6,122376,1650,1674
175144,1,0,6,122381,1760,1840
175373,0,0,6,122380,1900,2000
175395,2,0,7,134856,1595,1605
175401,2,0,7,122409,1870,1900
176857,0,0,10,214544,2000,2000
176958,3,0,6,122245,1867,1899
178453,1,0,10,214543,1895,1895
178553,0,0,8,121845,1969,1969
178555,2,0,7,122212,1634,1644
178579,1,0,1,121851,1510,1520
178622,1,0,10,122248,1880,1890
180133,0,0,10,166117,1912,1913
181354,0,0,10,121829,1922,1922
182175,5,0,6,151,1733,1766
182447,0,0,10,121581,1994,1994
182463,2,0,5,121865,1850,1900
182531,2,0,7,121866,1850,1900
182653,0,0,10,122391,1996,1996
182654,0,0,10,120959,1991,1991
184243,1,0,9,214881,1970,1970
273977,0,0,10,214520,1997,1997
285790,1,0,10,99081,1830,1840
286234,1,0,10,53523,1900,1932
287714,1,0,10,208,1983,1983
288047,0,0,6,123323,1979,1981
288092,0,0,10,123315,1979,1980
288104,0,0,10,123326,1980,1981
288105,0,0,6,123309,1976,1981
288108,1,0,8,53544,1900,1932
289452,1,0,8,98541,0,0
291260,1,0,6,53542,0,0
291564,2,0,6,53485,0,0
291619,2,0,10,53517,0,0
291648,1,0,10,53518,0,0
291651,1,0,10,53534,0,0
291652,1,0,10,53539,1900,1950
291653,1,0,10,53540,0,0
291654,1,0,10,53543,0,0
291670,1,0,5,71811,145,205
291701,1,0,10,53519,0,0
291702,1,0,10,53520,0,0
291703,1,0,10,53536,0,0
291704,2,0,1,53537,0,0
291705,1,0,10,53538,0,0
291707,1,0,10,231,245,305
291735,1,0,10,53545,0,0
291741,3,0,10,67185,1,100
291764,1,0,10,53521,0,0
291766,1,0,6,53524,0,0
291767,2,0,5,53525,0,0
291769,1,0,9,53535,1900,1930
291788,1,0,7,53532,0,0
291789,1,0,10,53533,0,0
291790,3,0,10,53541,0,0
291901,2,0,10,53425,0,0
291993,1,0,10,53484,0,0
292150,3,0,10,53053,95,145
292169,1,0,10,52222,-10,-1
292324,1,0,10,397,225,275
296296,4,0,10,91467,1300,1300
297467,2,0,8,214144,1872,1872
299475,1,0,1,214128,1917,1917
299476,2,0,9,214131,19,19
299477,2,0,3,214136,1889,1889
299491,0,0,1,214113,1907,1907
299492,0,0,8,214130,0,0
299493,1,0,2,214138,1912,1912
299494,1,0,1,214143,1914,1914
299541,1,0,3,214117,1905,1905
299542,2,0,8,214119,1840,1850
299543,2,0,1,214120,1913,1913
299544,0,0,4,214129,1921,1921
299545,1,0,7,214132,1917,1927
299546,2,0,9,214134,1857,1857
299547,3,0,7,214135,1905,1915
299548,3,0,10,214139,1900,1900
299550,2,0,8,214140,1800,1800
299706,2,0,8,214115,1914,1914
299707,1,0,10,214116,0,0
299708,1,0,6,214121,0,0
299709,2,0,3,214133,1916,1916
299711,2,0,9,214141,1818,1828
299712,2,0,10,214142,1924,1924
299794,2,0,10,461,1883,1884
299796,2,0,10,86589,1810,1810
299800,3,0,10,213951,1773,1773
299801,1,0,10,213952,1768,1778
299802,4,0,9,213955,1765,1766
299803,3,0,10,213965,1846,1846
299805,7,0,8,457,1871,1878
299806,2,0,1,465,1839,1840
299807,3,0,10,68864,1814,1814
299808,3,0,7,81090,1876,1876
299809,3,0,9,429,1817,1817
299811,1,0,9,213939,1759,1761
299812,4,0,10,213953,1764,1766
299813,2,0,10,213964,1831,1841
299814,2,0,10,213968,1695,1705
299815,2,0,10,448,1741,1751
299816,2,0,10,213977,1790,1790
299818,7,0,10,64984,1495,1505
299832,2,0,9,55145,1873,1873
299837,2,0,7,413,1865,1865
299838,3,0,8,456,1871,1872
299841,4,0,10,81075,1887,1888
299842,3,0,8,81078,1877,1877
299843,6,0,10,466,1888,1888
299844,2,0,10,68872,1867,1867
299846,0,0,10,60145,1929,1929
299847,21,0,7,439,1657,1657
299849,2,0,7,459,1903,1903
299861,2,0,10,66211,1650,1650
299870,2,0,9,214351,0,0
299876,2,0,10,213972,1633,1633
299877,3,0,9,336,1783,1783
299878,2,0,10,214012,1809,1809
299879,2,0,8,214018,1862,1862
299880,1,0,10,214021,0,0
299881,1,0,10,214023,0,0
299882,2,0,10,214035,1768,1778
299894,3,0,10,81096,1902,1912
299901,2,0,7,213989,1815,1825
299902,3,0,10,214002,1762,1772
299903,3,0,10,214051,1827,1837
299908,2,0,10,214093,1907,1907
299909,1,0,5,214108,1395,1405
299910,5,0,6,214217,1786,1786
299911,2,0,7,214233,1747,1747
299919,2,0,10,436,1605,1615
299923,1,0,9,52660,1495,1505
299926,1,0,8,68879,1876,1877
299928,3,0,6,213974,1756,1756
299929,2,0,8,213981,1867,1867
299931,0,0,9,87511,1950,1950
299939,3,0,10,325,1810,1820
299940,3,0,10,163,1805,1805
299943,2,0,9,213946,1763,1763
299944,2,0,9,213948,1766,1766
299945,3,0,10,213950,1759,1761
299946,2,0,10,213960,1762,1772
299947,1,0,9,213997,1793,1793
299948,2,0,3,214008,1875,1876
299949,5,0,10,450,1767,1767
299955,0,0,10,113308,1964,1964
299959,4,0,8,72599,1760,1770
299966,2,0,8,238,1635,1635
299980,0,0,7,374,1963,1963
299981,0,0,10,112387,1958,1987
299988,2,0,10,81537,1660,1675
299993,0,0,10,463,1896,1906
299998,2,0,9,214156,1833,1833
299999,1,0,9,214414,1905,1905
300013,8,0,10,434,1448,1458
300021,3,0,9,432,1549,1549
300022,3,0,6,421,1825,1830
300023,2,0,10,214087,1908,1908
300024,2,0,8,214214,1892,1892
300025,2,0,6,214282,1930,1930
300026,2,0,10,214283,1930,1930
300027,2,0,7,214296,1815,1825
300049,4,0,10,214031,1860,1860
300051,3,0,7,166,1903,1903
300054,3,0,10,435,1941,1942
300055,2,0,8,214059,1780,1790
300056,3,0,10,214076,1854,1864
300057,2,0,10,214088,1903,1903
300058,1,0,4,214114,1914,1914
300059,2,0,10,214125,1814,1824
300060,3,0,4,214126,1830,1830
301880,0,0,3,214488,1995,1995
302046,1,0,10,214154,1923,1924
302047,2,0,10,214206,1835,1835
302048,2,0,6,214232,1747,1747
302049,3,0,9,214341,1837,1837
302051,2,0,10,214377,1803,1813
302052,2,0,10,214399,1790,1800
302053,2,0,7,214427,1826,1826
302054,2,0,8,214438,1815,1825
303397,1,0,10,96,1740,1750
303412,2,0,9,68845,1856,1856
303419,13,0,7,317,1469,1469
303422,4,0,5,119,1540,1600
303496,4,0,10,462,1873,1878
303561,14,0,7,464,1750,1750
303631,1,0,5,330,1300,1400
303670,2,0,9,115452,1924,1924
303728,2,0,10,68853,1818,1819
303729,1,0,9,68889,1866,1866
303829,2,0,10,156,1600,1680
303830,1,0,10,221,1765,1775
303976,2,0,8,458,1863,1863
303990,4,0,9,407,1904,1914
304344,4,0,10,460,1927,1927
304376,0,0,10,166116,1926,1926
304414,4,0,10,165684,1920,1920
304462,7,0,10,441,1325,1330
304469,0,0,10,166121,1927,1927
304480,1,0,10,213980,1788,1798
304483,0,0,7,214333,1956,1956
304484,0,0,10,214225,1935,1935
304485,3,0,9,213988,1805,1815
304486,1,0,10,214775,1946,1946
304497,2,0,10,214825,0,0
304500,2,0,10,213963,1847,1847
304507,2,0,10,213938,1782,1792
304508,1,0,6,47266,1803,1813
304512,2,0,9,214264,1817,1817
304513,3,0,10,214231,1730,1740
304514,1,0,10,214777,1946,1946
304515,2,0,9,214424,1850,1850
304516,1,0,7,214293,1945,1945
304528,0,0,10,214291,1944,1944
304535,1,0,5,214254,1938,1938
304536,0,0,9,214262,1939,1939
304541,1,0,10,214776,0,0
304542,1,0,3,214171,1887,1887
304543,0,0,10,214779,1955,1955
304555,3,0,10,213983,1811,1821
304558,2,0,10,214205,1741,1751
304562,2,0,5,213999,1835,1845
304563,0,0,3,214439,0,0
304564,3,0,4,213992,1809,1819
304565,2,0,10,213962,1856,1856
304566,0,0,5,214272,1940,1940
304570,0,0,7,214303,1950,1950
304571,0,0,10,214284,1943,1943
304572,0,0,10,214782,1968,1968
304573,0,0,10,214388,1949,1949
304575,2,0,8,214010,1891,1891
304576,2,0,10,214015,1801,1811
304577,2,0,10,214020,1885,1885
304578,2,0,10,214024,1894,1894
304589,0,0,6,214780,1932,1932
304590,0,0,10,214298,1946,1946
304591,3,0,8,214026,1882,1882
304600,1,0,9,214236,1934,1934
304605,0,0,7,214781,1969,1969
304606,0,0,10,214344,1936,1936
304607,1,0,4,214014,1909,1909
304608,0,0,10,214033,1910,1910
304616,2,0,4,214025,1881,1881
304617,2,0,8,214027,1795,1805
304618,3,0,10,214029,1891,1891
304619,2,0,10,214030,1843,1843
304620,3,0,10,214034,1872,1882
304621,3,0,4,214036,1886,1886
304630,1,0,8,214242,1915,1915
304641,1,0,9,214211,1933,1933
304642,1,0,10,214013,1847,1857
304643,2,0,10,214016,1842,1852
304644,2,0,10,214019,1744,1754
304645,2,0,8,214028,0,0
304646,2,0,10,214037,1846,1856
304677,1,0,6,214032,0,0
304704,1,0,2,214147,1910,1910
304705,2,0,9,214149,1927,1927
304706,0,0,10,214150,0,0
304707,1,0,1,214153,1928,1928
304709,2,0,1,214157,1926,1926
304720,1,0,9,214148,1926,1926
304721,1,0,10,214168,1927,1927
304725,2,0,8,214146,1880,1889
304726,2,0,9,214152,1868,1868
304727,1,0,8,214159,1929,1929
304728,2,0,10,214161,1845,1855
304729,0,0,10,214162,1893,1893
304730,1,0,2,214163,1921,1931
304731,0,0,10,214175,1924,1924
304732,0,0,10,214176,1924,1924
304746,1,0,8,214145,1926,1926
304747,2,0,7,214151,1923,1933
304748,2,0,9,214177,1760,1762
304749,0,0,10,214179,1927,1927
304750,1,0,10,214182,1929,1929
304751,2,0,8,214184,1929,1929
304752,4,0,9,214186,1845,1855
304753,1,0,1,214191,1925,1935
304754,3,0,5,214192,1917,1918
304755,0,0,7,214197,1931,1931
304757,4,0,9,214158,1909,1909
304758,0,0,10,214160,1923,1923
304759,0,0,1,214165,1927,1927
304760,0,0,7,214166,1927,1927
304761,2,0,10,214167,1928,1928
304763,1,0,7,214173,1928,1928
304764,0,0,6,214174,1928,1928
304765,0,0,10,214188,1931,1931
304766,0,0,7,214194,1930,1930
304767,1,0,3,214198,1931,1931
304768,0,0,9,214199,1931,1931
304769,3,0,6,214172,1897,1897
304770,0,0,10,214178,1926,1926
304771,1,0,7,214183,0,0
304772,2,0,10,214185,1870,1879
304773,0,0,9,214195,1931,1931
304778,2,0,10,214210,1878,1878
304779,0,0,10,214212,1930,1930
304780,0,0,10,214180,1925,1925
304781,0,0,2,214181,1929,1929
304782,0,0,1,214187,1929,1929
304783,0,0,1,214189,1928,1928
304784,0,0,10,214190,1930,1930
304785,0,0,7,214193,1930,1930
304786,1,0,8,214196,1931,1931
304787,1,0,7,202627,1867,1867
304788,2,0,2,214203,1906,1906
304789,2,0,10,214207,1885,1885
304791,2,0,2,214215,0,0
304792,3,0,9,214216,1835,1845
304793,0,0,8,214222,1933,1933
304794,2,0,10,214224,1838,1838
304795,0,0,10,214229,1932,1932
304796,2,0,1,214230,1895,1905
304797,2,0,10,214238,0,0
304798,2,0,10,213942,1835,1845
304799,1,0,7,213947,1823,1833
304800,1,0,9,213954,1830,1839
304801,2,0,10,213971,1863,1863
304802,3,0,10,213973,1891,1892
304803,2,0,1,214200,1917,1917
304805,0,0,10,214201,20,20
304806,0,0,10,214208,1932,1932
304807,0,0,10,214228,1934,1934
304808,1,0,8,214235,1849,1859
304809,1,0,4,214237,1921,1921
304810,3,0,6,214239,1866,1866
304811,2,0,6,214234,1855,1865
304812,2,0,7,213958,1893,1893
304813,3,0,8,213969,1890,1890
304814,3,0,4,213975,1749,1759
304815,3,0,10,213987,1843,1843
304817,0,0,9,214248,1929,1929
304818,0,0,9,214250,0,0
304819,0,0,8,214251,1937,1937
304820,0,0,10,214258,1937,1937
304822,0,0,10,214273,0,0
304823,0,0,10,214276,0,0
304825,0,0,6,214278,1942,1942
304826,1,0,9,214279,1939,1939
304842,0,0,9,214223,1931,1931
304844,2,0,8,214244,1839,1849
304845,2,0,8,213937,1750,1760
304846,2,0,9,213941,1745,1755
304847,2,0,10,213949,1695,1705
304848,2,0,4,213956,1849,1849
304849,2,0,8,213966,1818,1818
304850,3,0,10,213976,1813,1823
304851,2,0,9,213984,1813,1823
304852,2,0,9,213985,1894,1895
304853,0,0,8,214257,1938,1938
304874,2,0,10,214202,0,0
304876,0,0,7,214213,1933,1933
304877,0,0,10,214218,1933,1933
304878,0,0,4,214220,1933,1933
304879,0,0,1,214227,1934,1934
304880,0,0,7,214240,0,0
304881,1,0,2,214241,0,0
304882,2,0,10,213934,1888,1889
304883,1,0,10,213936,17,18
304884,2,0,9,213945,1810,1820
304885,3,0,8,213957,1740,1750
304886,2,0,8,213961,1895,1895
304887,2,0,10,213967,1830,1840
304889,2,0,8,213979,1850,1860
304890,0,0,10,214247,0,0
304891,1,0,5,214255,1913,1913
304892,1,0,10,214263,1939,1939
304893,2,0,9,213978,1843,1843
304894,2,0,10,214245,1755,1755
304895,0,0,8,214249,0,0
304896,0,0,8,214252,0,0
304897,0,0,10,214253,0,0
304898,0,0,7,214260,0,0
304899,0,0,10,214267,0,0
304900,3,0,7,214274,1831,1831
304901,3,0,7,214292,1896,1896
304902,0,0,10,214297,1947,1947
304903,0,0,2,214299,0,0
304904,1,0,2,214302,1903,1903
304905,0,0,7,214259,1938,1938
304906,2,0,6,214268,1789,1799
304907,0,0,10,214366,1961,1961
304908,1,0,3,214288,1905,1915
304909,1,0,1,214289,1915,1915
304910,0,0,1,214301,1874,1874
304911,2,0,4,214315,1937,1937
304912,0,0,1,214317,1952,1952
304913,0,0,10,214319,1954,1954
304914,0,0,1,214320,1953,1953
304915,2,0,9,214323,1806,1816
304916,0,0,10,214324,1954,1954
304918,1,0,10,214280,19,19
304919,2,0,10,214285,1815,1825
304920,0,0,1,214290,0,0
304921,0,0,1,214294,1929,1929
304922,2,0,8,214295,1675,1690
304923,2,0,10,214300,1909,1909
304924,0,0,9,214304,1938,1938
304925,2,0,8,214305,1950,1950
304926,1,0,6,214308,1913,1913
304927,0,0,2,214322,1933,1933
304928,0,0,3,214331,1944,1944
304930,1,0,4,214340,1901,1901
304931,1,0,2,214346,1958,1958
304933,0,0,10,214348,1959,1959
304934,0,0,10,214354,0,0
304935,1,0,1,213995,1855,1855
304936,2,0,9,213996,1833,1833
304937,2,0,2,214005,1858,1868
304938,2,0,10,214006,1764,1764
304939,2,0,6,214398,1851,1861
304940,0,0,8,214402,0,0
304941,3,0,9,214310,1880,1880
304942,0,0,10,214311,1936,1936
304943,0,0,3,214318,1954,1954
304944,1,0,10,214327,1953,1953
304945,1,0,1,214328,1889,1889
304946,2,0,9,214329,1826,1836
304947,0,0,2,214330,1955,1955
304948,0,0,10,214350,1942,1942
304949,1,0,1,213993,1898,1898
304950,1,0,7,213998,17,17
304951,0,0,4,214400,1929,1929
304952,0,0,10,214401,1955,1955
304953,0,0,1,214334,0,0
304954,0,0,8,214335,0,0
304955,0,0,10,214338,0,0
304956,0,0,1,214343,0,0
304957,2,0,9,214349,1819,1829
304958,0,0,4,214352,1961,1961
304959,2,0,10,214001,1847,1847
304960,2,0,8,214003,1835,1845
304961,1,0,3,214007,1907,1907
304962,2,0,10,214009,1896,1896
304963,0,0,2,214355,1940,1940
304964,0,0,8,214360,1960,1960
304966,0,0,9,214410,1931,1931
304967,0,0,4,214413,1926,1926
304968,0,0,4,214357,0,0
304969,1,0,5,214361,19,20
304970,2,0,8,214367,1645,1655
304971,1,0,10,214370,0,0
304972,3,0,10,214372,1700,1710
304973,2,0,10,214374,18,18
304974,2,0,10,214375,1645,1655
304975,2,0,10,214379,1796,1796
304976,2,0,8,214265,1869,1879
304977,0,0,9,214266,0,0
304979,2,0,10,214281,1849,1849
304980,0,0,10,214286,0,0
304981,0,0,10,214287,0,0
304982,0,0,8,214306,1951,1951
304984,1,0,10,214309,1876,1876
304985,0,0,9,214312,1942,1942
304986,0,0,10,214313,0,0
304987,0,0,10,214316,1954,1954
304988,1,0,1,214406,1946,1946
304989,0,0,2,214407,1974,1974
304990,2,0,8,214409,1890,1890
304991,3,0,9,214411,1810,1820
304992,2,0,9,214416,1795,1805
304993,2,0,10,214417,1824,1824
304994,0,0,10,214356,1951,1951
304995,2,0,10,214358,1697,1707
304996,2,0,8,214359,1697,1707
304997,0,0,6,214363,0,0
304998,2,0,10,214369,1655,1665
304999,2,0,7,214419,1872,1872
305000,1,0,3,214321,1918,1918
305002,1,0,1,214332,1910,1910
305003,1,0,5,214336,1956,1956
305004,0,0,10,214337,1934,1934
305005,0,0,10,214339,1941,1941
305006,2,0,9,213990,1895,1895
305007,2,0,9,213991,1810,1820
305008,1,0,1,214004,1902,1902
305009,0,0,10,214403,1961,1961
305010,2,0,2,214404,1900,1900
305011,0,0,9,214405,1962,1962
305013,2,0,9,214380,1880,1880
305014,1,0,1,214381,0,0
305015,1,0,5,214383,1890,1900
305016,1,0,4,214385,1939,1939
305017,2,0,9,214386,1859,1859
305018,3,0,7,214418,1882,1882
305019,2,0,7,214420,1896,1896
305020,0,0,8,214421,0,0
305021,1,0,9,214426,1960,1960
305022,2,0,8,214428,1813,1813
305023,2,0,10,214442,1876,1886
305024,0,0,10,214423,1978,1978
305025,2,0,8,214431,1899,1899
305026,0,0,1,214432,0,0
305027,0,0,1,214433,20,20
305028,0,0,2,214434,1980,1980
305029,2,0,10,214435,1807,1808
305030,1,0,10,214440,0,0
305031,0,0,10,214449,0,0
305032,0,0,5,214392,1963,1963
305033,1,0,3,214393,1907,1907
305034,2,0,10,214397,1969,1969
305036,1,0,5,214382,1904,1914
305037,0,0,10,214384,1965,1965
305038,0,0,10,214387,0,0
305039,1,0,3,214422,1920,1920
305040,0,0,9,214425,1979,1979
305041,1,0,1,214429,1899,1899
305042,1,0,1,214430,1899,1899
305043,0,0,10,214437,1982,1982
305044,0,0,8,214445,0,0
305045,0,0,7,214446,1981,1981
305046,1,0,10,214447,1984,1984
305047,0,0,10,214448,1955,1955
305048,0,0,7,214450,0,0
305049,0,0,10,214830,1968,1968
305051,1,0,8,214831,0,0
305052,0,0,10,214834,0,0
305053,0,0,9,214837,1943,1943
305054,1,0,8,214838,0,0
305055,0,0,10,214839,1943,1943
305058,3,0,10,214482,1902,1902
305060,4,0,8,214415,1728,1728
305061,1,0,5,214362,1900,1900
305062,0,0,10,214365,1962,1962
305063,2,0,10,214371,1695,1705
305064,3,0,10,214373,0,0
305065,4,0,10,214376,1803,1813
305066,2,0,9,214378,1689,1699
305067,0,0,9,214436,0,0
305068,1,0,10,214441,1822,1822
305069,0,0,2,214443,1903,1905
305071,0,0,10,214389,1963,1963
305072,2,0,10,214390,1965,1966
305073,0,0,10,214391,1960,1960
305074,0,0,10,214394,1968,1968
305075,0,0,4,214396,1949,1949
305076,1,0,10,214816,1746,1746
305077,2,0,10,214822,1972,1972
305080,0,0,9,214828,1981,1981
305081,0,0,10,214832,1971,1971
305083,0,0,7,214836,1913,1913
305085,0,0,8,214841,1913,1913
305086,0,0,10,214842,0,0
305087,0,0,7,214844,1915,1915
305088,0,0,9,214850,1966,1966
305089,0,0,10,214853,1940,1940
305090,1,0,4,214452,0,0
305091,0,0,9,214454,1979,1979
305092,0,0,7,214456,0,0
305093,1,0,7,214460,1925,1935
305104,2,0,10,213935,1835,1845
305108,0,0,6,214817,0,0
305111,0,0,10,214823,1984,1984
305112,0,0,8,214833,1984,1984
305113,0,0,10,214840,1941,1941
305114,0,0,10,214843,1985,1985
305115,6,0,10,214851,1923,1923
305117,0,0,10,214852,0,0
305118,0,0,6,214453,0,0
305119,0,0,10,214455,1986,1986
305134,0,0,7,214395,1932,1932
305135,0,0,10,214814,0,0
305136,2,0,9,214820,1860,1860
305137,1,0,10,214821,0,0
305138,0,0,10,214824,0,0
305139,1,0,7,214829,0,0
305140,0,0,10,214835,1967,1967
305143,0,0,10,214848,1954,1954
305144,2,0,10,214457,1922,1922
305145,2,0,10,214462,1831,1841
305146,1,0,10,214466,1886,1886
305147,0,0,6,214467,1934,1934
305148,0,0,3,214468,1951,1951
305149,2,0,2,214470,1889,1889
305151,0,0,5,214471,1940,1940
305152,0,0,1,214472,1952,1952
305153,2,0,10,214477,1879,1879
305154,2,0,9,214855,1945,1955
305157,2,0,9,215730,1868,1878
305158,1,0,10,214847,1902,1912
305159,0,0,10,214849,0,0
305160,1,0,3,214475,1893,1893
305161,0,0,4,214476,1935,1935
305162,2,0,10,214478,1907,1907
305163,2,0,10,214479,0,0
305165,3,0,10,215727,1821,1821
305166,2,0,7,215728,1821,1821
305178,0,0,10,214797,1932,1932
305186,1,0,10,214786,1968,1968
305188,0,0,10,214790,1952,1953
305189,0,0,10,214802,0,0
305190,0,0,10,214804,1977,1977
305191,0,0,10,214805,1954,1954
305197,0,0,2,214458,1931,1931
305198,0,0,6,214459,1986,1986
305199,2,0,7,214463,1831,1841
305200,2,0,6,214464,1845,1855
305201,1,0,10,214469,0,0
305207,2,0,10,215736,1922,1922
305208,2,0,10,215737,1922,1922
305209,0,0,4,215731,1937,1937
305210,0,0,3,215735,1937,1937
305211,2,0,9,214483,1800,1820
305212,0,0,7,214484,1990,1990
305213,0,0,8,214485,1960,1967
305215,0,0,10,214793,0,0
305216,0,0,10,214796,0,0
305217,0,0,10,214799,0,0
305218,0,0,10,214806,0,0
305233,0,0,3,214461,0,0
305234,2,0,6,214465,1845,1855
305235,2,0,10,214473,1990,1990
305236,0,0,1,214474,1929,1929
305237,0,0,10,214857,1943,1943
305238,3,0,10,214858,1752,1752
305239,0,0,10,214859,0,0
305243,0,0,1,215734,1969,1969
305245,2,0,9,214480,1946,1946
305246,2,0,10,214481,1976,1976
305248,0,0,10,214787,1964,1964
305249,2,0,10,214826,0,0
305250,0,0,10,214794,1985,1985
305251,0,0,10,214798,1954,1954
305252,0,0,10,214801,1952,1952
305253,0,0,10,214803,1975,1976
305254,0,0,10,214807,0,0
305264,0,0,10,214808,1964,1964
305282,0,0,10,214791,1966,1966
305283,0,0,10,214792,1966,1966
305284,0,0,10,214795,1947,1947
305285,1,0,10,214800,1903,1903
305304,0,0,2,214495,1996,1996
305310,2,0,9,214118,1865,1865
305345,0,0,10,214809,1957,1957
305378,2,0,2,214490,1889,1889
305379,1,0,10,214491,1850,1850
305380,0,0,10,214494,0,0
305394,1,0,10,214493,0,0
305428,0,0,2,214486,0,0
305433,3,0,10,202631,0,0
305455,1,0,10,214492,1850,1850
305928,3,0,8,50827,0,0
306061,1,0,9,51340,1896,1896
306081,1,0,8,51341,0,0
306866,1,0,10,61886,1895,1895
307723,0,0,10,64536,1927,1927
307780,2,0,10,64538,0,0
308611,0,0,9,85071,1951,1961
310428,3,0,10,116669,1745,1745
310429,2,0,10,116666,1795,1805
310430,1,0,10,116693,1800,1832
310431,2,0,9,116657,1781,1781
310445,2,0,10,116690,1865,1875
310486,1,0,10,116665,1710,1720
310487,1,0,10,116672,1833,1866
310488,1,0,7,116679,1720,1730
310489,3,0,10,116678,1701,1701
310490,1,0,10,116655,1735,1745
310491,1,0,10,116683,1733,1766
310518,1,0,10,116631,1675,1685
310519,1,0,8,116646,1620,1625
310520,3,0,10,116686,1722,1722
310522,1,0,10,126,1899,1899
310524,3,0,9,116688,1767,1799
310525,2,0,8,116643,1795,1805
310537,1,0,10,214487,1994,1994
310539,1,0,10,116685,1835,1845
310540,2,0,10,116649,1760,1770
310543,1,0,10,116671,1725,1749
310544,1,0,10,116647,1665,1675
310545,1,0,8,116670,1725,1749
310546,1,0,10,116636,1800,1824
310591,2,0,10,116658,1835,1845
310592,1,0,10,116668,1725,1749
310593,4,0,9,116644,1805,1815
310594,1,0,10,116662,1833,1866
310596,1,0,10,116664,1650,1674
310624,1,0,10,116656,1733,1766
310625,2,0,10,116681,1740,1750
310627,1,0,9,116687,1715,1725
310628,1,0,9,116620,1535,1545
310629,1,0,10,116623,1630,1640
310635,1,0,9,116680,1725,1735
310636,1,0,5,116633,1700,1710
310643,1,0,10,116659,1826,1836
310645,1,0,10,116638,1875,1885
310646,1,0,10,116675,1733,1766
310647,1,0,10,116667,1680,1690
310650,2,0,10,13,1840,1850
310651,1,0,6,55448,1485,1510
310652,1,0,10,116624,1630,1640
310659,1,0,10,116628,1600,1632
310660,1,0,10,116632,1680,1690
310661,1,0,10,116660,1835,1845
310662,1,0,12,116677,1615,1625
310685,1,0,10,116682,1795,1805
310686,1,0,10,116694,1870,1880
310687,3,0,10,279,1645,1655
310688,2,0,10,116634,1733,1766
310705,2,0,9,116663,1650,1674
310706,1,0,10,116626,1655,1665
310707,2,0,9,116635,1725,1749
310708,1,0,10,116641,1855,1865
310709,2,0,6,116629,1625,1649
310710,1,0,6,116652,1700,1725
310732,1,0,8,114125,1725,1735
310733,1,0,10,116648,1667,1699
310736,1,0,10,116689,1845,1855
310737,1,0,10,116692,1800,1824
310749,0,0,10,214810,1980,1980
310790,1,0,9,214041,1884,1884
310791,2,0,10,214044,1873,1883
310792,1,0,10,214055,1835,1835
310793,2,0,3,214058,18,19
310794,1,0,8,116653,1700,1724
310817,2,0,9,214040,1895,1895
310818,2,0,10,214043,1820,1830
310819,2,0,7,214056,1825,1825
310834,1,0,10,116650,1725,1735
310852,1,0,10,116625,1655,1665
310853,1,0,7,116661,1845,1855
310854,1,0,10,116691,1800,1832
310902,2,0,10,50829,1896,1896
310904,1,0,3,214042,1850,1860
310905,2,0,10,214046,1844,1844
310906,2,0,8,214047,1883,1883
310907,2,0,7,214048,1810,1820
310908,2,0,8,214049,1823,1833
310909,2,0,10,214050,1817,1817
310910,2,0,10,214054,1825,1835
310911,3,0,7,214067,1888,1888
310912,1,0,2,214068,1868,1868
310946,2,0,3,214057,1875,1885
310947,3,0,10,214062,1877,1878
310948,3,0,10,214065,1903,1903
310949,1,0,1,214069,1900,1900
310950,2,0,7,214072,1903,1903
310951,2,0,10,214073,1901,1901
310952,4,0,7,48945,0,0
310953,1,0,8,237,1876,1876
310954,2,0,7,61654,0,0
310955,2,0,10,61706,0,0
310956,1,0,10,62485,0,0
310986,2,0,7,214060,1883,1883
310987,2,0,5,214063,1911,1911
310989,2,0,10,48907,1866,1866
310990,1,0,10,48953,1860,1870
310991,1,0,9,61694,0,0
310992,2,0,8,61964,1898,1898
310993,1,0,10,53076,0,0
310994,2,0,4,53077,0,0
310995,1,0,9,53812,1600,1800
310996,2,0,5,55159,0,0
310997,3,0,8,62566,0,0
310998,0,0,10,64433,1915,1915
311059,2,0,9,83177,1715,1725
311060,2,0,10,89559,1802,1812
311061,3,0,10,214038,1852,1852
311062,3,0,10,214039,1856,1856
311063,1,0,9,214045,1871,1871
311064,2,0,10,214053,1835,1845
311065,2,0,8,214070,1871,1871
311066,1,0,8,62060,1896,1896
311067,2,0,9,53803,0,0
311068,2,0,7,55154,0,0
311079,1,0,8,116654,1700,1800
311080,2,0,10,116642,1773,1783
311081,3,0,10,121585,1720,1730
311090,2,0,10,116639,1835,1875
311093,2,0,9,42228,1806,1806
311099,0,0,10,123312,1976,1981
311140,1,0,7,51764,0,0
311141,2,0,8,48928,1851,1851
311142,2,0,10,48969,0,0
311143,2,0,7,48970,1864,1864
311144,1,0,9,61655,0,0
311145,1,0,10,61679,0,0
311146,1,0,10,61703,0,0
311147,1,0,10,61734,0,0
311148,1,0,10,61860,0,0
311149,1,0,9,61998,0,0
311154,1,0,10,48961,1850,1875
311157,1,0,7,52597,0,0
311158,1,0,8,53062,0,0
311159,0,0,8,55170,1920,1920
311160,1,0,10,64666,0,0
311161,1,0,10,64667,0,0
311165,2,0,9,64753,1865,1866
311166,1,0,10,64993,1705,1715
311167,2,0,7,65158,0,0
311168,0,0,8,65525,1939,1939
311169,2,0,10,65926,1878,1878
311170,2,0,8,67049,1913,1913
311171,0,0,10,67180,1938,1948
311172,2,0,10,68749,1842,1842
311173,2,0,9,68756,1790,1800
311174,2,0,10,68757,1825,1835
311175,2,0,10,68762,1831,1831
311178,2,0,10,51794,0,0
311179,1,0,6,52520,0,0
311180,1,0,10,52522,0,0
311183,1,0,6,52608,0,0
311184,3,0,6,53739,1900,1900
311185,2,0,7,53755,1700,1799
311187,1,0,10,64665,1805,1810
311188,2,0,8,64679,0,0
311189,2,0,10,64680,1701,1799
311192,3,0,7,53754,1874,1874
311194,1,0,10,62487,0,0
311195,0,0,9,65958,1922,1922
311196,2,0,9,66040,1884,1894
311197,2,0,8,66171,1805,1815
311198,0,0,10,66741,1932,1932
311199,2,0,10,67214,0,0
311200,3,0,7,67271,0,0
311201,1,0,8,390,1897,1897
311202,1,0,10,68792,1819,1829
311203,1,0,10,61608,0,0
311204,2,0,10,61627,0,0
311210,1,0,10,52441,0,0
311211,1,0,10,52521,0,0
311215,1,0,10,61902,1919,1919
311216,1,0,4,52569,0,0
311217,3,0,10,52601,17,17
311219,1,0,10,61585,0,0
311220,1,0,10,61600,0,0
311221,1,0,7,61628,0,0
311222,1,0,7,70136,0,0
311223,2,0,10,214074,1844,1844
311224,1,0,7,214078,1847,1857
311225,2,0,8,214079,1849,1849
311226,2,0,10,214080,1834,1844
311227,1,0,3,214098,1908,1908
311228,2,0,10,214099,0,0
311229,1,0,6,214102,1856,1856
311230,1,0,5,214103,0,0
311232,2,0,10,53975,1899,1899
311234,1,0,10,55335,1754,1764
311235,0,0,10,64891,1893,1893
311236,3,0,9,60881,1820,1829
311237,0,0,9,70149,1941,1942
311238,2,0,1,214075,0,0
311239,2,0,10,214077,1855,1855
311240,2,0,10,214081,1837,1847
311241,1,0,9,214082,1852,1862
311242,2,0,8,214084,1823,1833
311243,4,0,7,214094,1891,1891
311244,1,0,10,64792,0,0
311251,2,0,6,56240,0,0
311253,3,0,8,60203,1795,1805
311254,2,0,8,68763,1831,1831
311261,1,0,9,60311,1700,1800
311262,1,0,10,60312,1700,1800
311265,2,0,6,68739,1766,1766
311266,3,0,8,68818,0,0
311267,1,0,9,61618,1928,1928
311288,1,0,10,53418,0,0
311292,2,0,10,64893,1765,1775
311293,2,0,10,65688,0,0
311298,1,0,7,56458,0,0
311303,1,0,9,60310,1700,1800
311304,1,0,10,60792,0,0
311305,1,0,10,60793,0,0
311306,2,0,8,67063,0,0
311308,2,0,6,68760,1766,1766
311310,1,0,10,61584,1931,1931
311311,2,0,8,70162,0,0
311332,1,0,10,214105,0,0
311333,3,0,9,214106,1894,1894
311334,1,0,10,214111,1835,1845
311335,1,0,10,71908,0,0
311341,0,0,10,86190,1949,1949
311342,2,0,10,86641,1828,1829
311343,2,0,10,86642,1828,1828
311344,0,0,10,86866,1951,1951
311345,2,0,10,214104,1886,1886
311346,1,0,1,214109,1855,1865
311347,2,0,6,214110,1855,1865
311348,1,0,7,71839,0,0
311354,1,0,9,82811,1896,1896
311355,2,0,7,86434,1739,1749
311356,1,0,7,72268,1926,1926
311357,1,0,9,72597,0,0
311373,1,0,6,55158,0,0
311374,1,0,10,62486,0,0
311375,1,0,10,62548,0,0
311379,2,0,10,56486,0,0
311380,2,0,10,59953,1869,1869
311381,0,0,7,65963,1922,1922
311382,0,0,8,65969,1940,1940
311383,1,0,10,66170,1809,1819
311384,2,0,6,68745,1860,1860
311385,2,0,8,68750,1877,1887
311387,2,0,9,51795,0,0
311388,1,0,10,52523,0,0
311392,2,0,7,53756,1700,1799
311394,3,0,10,54559,-1500,-1350
311400,1,0,10,60325,1750,1850
311401,1,0,8,68766,1932,1932
311402,1,0,8,61577,0,0
311403,1,0,8,61578,0,0
311404,1,0,10,61579,0,0
311405,1,0,10,61586,0,0
311406,1,0,10,61587,0,0
311407,1,0,10,61589,0,0
311408,1,0,10,61616,1896,1896
311409,1,0,3,214083,1856,1856
311411,1,0,4,214095,1911,1911
311412,1,0,10,214096,1921,1921
311444,0,0,10,70148,1938,1938
311445,3,0,2,214091,1887,1887
311446,2,0,7,214092,1887,1887
311447,2,0,8,214100,1855,1855
311448,2,0,10,214101,1855,1855
311449,2,0,7,214107,1906,1906
311450,0,0,10,214112,1878,1888
311452,1,0,7,71345,0,0
311453,0,0,10,71620,1944,1944
311454,1,0,9,82887,0,0
311455,1,0,6,82892,1891,1891
311457,0,0,8,68764,1941,1941
311458,2,0,9,61572,1930,1930
311459,1,0,10,61576,1919,1919
311460,1,0,8,61580,1931,1931
311471,1,0,9,72867,0,0
311472,2,0,10,72870,1910,1913
311473,0,0,9,72964,1945,1948
311474,0,0,10,72966,1947,1947
311475,0,0,10,72969,1946,1946
311476,0,0,10,88019,1925,1925
311477,0,0,10,81611,0,0
311478,0,0,10,91462,1944,1944
311479,0,0,10,91573,0,0
311480,0,0,10,91577,0,0
311481,0,0,10,91578,1962,1962
311482,2,0,10,83315,1896,1896
311483,0,0,7,83386,0,0
311484,0,0,10,72256,0,0
311486,1,0,10,72877,0,0
311487,0,0,10,72961,1943,1943
311488,0,0,10,72967,1946,1946
311489,0,0,10,87398,1946,1946
311490,0,0,8,87795,1960,1960
311491,2,0,9,89535,1887,1887
311492,3,0,7,89831,1885,1895
311493,2,0,9,89834,1880,1880
311494,1,0,6,81917,1923,1923
311496,0,0,9,91430,0,0
311537,0,0,10,86079,0,0
311538,1,0,9,86624,1886,1886
311545,2,0,8,82911,1839,1839
311553,0,0,3,87796,1960,1960
311554,1,0,7,89213,0,0
311558,2,0,10,71017,1800,1899
311559,1,0,7,71736,0,0
311560,1,0,8,71906,0,0
311563,0,0,10,72257,0,0
311564,1,0,10,72869,1913,1913
311565,1,0,8,72889,1948,1948
311566,1,0,9,87395,1855,1865
311567,2,0,6,89519,0,0
311569,0,0,8,73376,1950,1950
311570,2,0,7,90028,1781,1790
311572,1,0,7,91199,1882,1892
311574,1,0,6,83106,0,0
311575,2,0,9,83320,0,0
311582,1,0,8,82555,1872,1872
311585,0,0,10,72267,1927,1927
311587,0,0,10,87798,1958,1958
311592,2,0,8,81471,0,0
311594,2,0,7,81536,0,0
311597,0,0,9,81630,0,0
311612,2,0,9,72872,1905,1905
311614,2,0,6,87498,1762,1762
311615,2,0,8,87500,1759,1759
311616,0,0,10,87797,1956,1956
311617,3,0,7,88021,1836,1836
311618,2,0,4,89231,0,0
311619,2,0,5,89332,0,0
311620,1,0,10,89489,0,0
311624,0,0,7,73228,1938,1938
311631,0,0,10,90525,1959,1959
311633,0,0,10,91224,1965,1965
311634,0,0,4,91567,1791,1801
311641,1,0,9,95910,1797,1797
311642,0,0,10,102924,1958,1958
311644,1,0,4,82066,0,0
311647,0,0,10,83645,1905,1915
311648,3,0,6,83688,0,0
311650,0,0,10,84072,1959,1959
311662,2,0,8,91679,0,0
311663,2,0,9,82975,1690,1700
311664,1,0,10,83076,18,18
311666,2,0,12,83247,1935,1935
311667,0,0,10,83319,1957,1957
311669,2,0,7,83354,1785,1795
311674,0,0,10,104466,0,0
311678,1,0,10,83617,0,0
311679,1,0,9,83702,0,0
311686,0,0,10,84461,1954,1954
311692,0,0,8,81864,0,0
311693,2,0,10,89960,1898,1901
311695,0,0,10,91574,1960,1960
311696,0,0,3,91575,1962,1962
311697,0,0,6,91579,0,0
311698,1,0,10,83116,0,0
311701,2,0,10,92447,1945,1945
311702,2,0,8,92448,1885,1885
311703,0,0,10,95896,1961,1961
311704,0,0,10,95909,1950,1950
311705,2,0,5,86635,0,0
311706,3,0,10,72361,0,0
311707,0,0,10,72384,1948,1948
311708,0,0,10,72385,0,0
311709,1,0,10,72874,0,0
311710,1,0,6,72878,0,1926
311711,0,0,10,72968,1950,1950
311713,0,0,10,87794,1958,1958
311714,0,0,5,87799,1952,1952
311715,0,0,10,88023,1935,1935
311716,2,0,10,89830,1885,1895
311749,1,0,10,85652,0,0
311755,1,0,9,83616,0,0
311756,1,0,10,84044,1958,1958
311759,2,0,7,84478,0,0
311765,0,0,7,91576,1961,1961
311766,0,0,8,92183,1973,1973
311767,1,0,9,100415,0,0
311768,1,0,9,103000,0,0
311769,2,0,10,103015,1872,1872
311770,0,0,10,105087,1981,1981
311771,0,0,10,105511,1984,1984
311772,0,0,5,82007,1952,1952
311773,1,0,6,82438,1872,1882
311774,1,0,10,82703,1790,1800
311775,2,0,9,111072,0,0
311777,0,0,10,85084,1959,1959
311804,0,0,10,87497,1962,1962
311806,1,0,10,89488,0,0
311811,0,0,5,73229,1938,1938
311814,2,0,10,81481,1775,1785
311816,0,0,10,81628,1950,1950
311817,1,0,10,90100,1750,1755
311818,1,0,10,91460,1958,1958
311819,2,0,10,91571,1972,1972
311837,1,0,10,92186,0,0
311838,1,0,9,95741,1832,1842
311839,2,0,10,100749,0,0
311840,0,0,10,100793,1956,1956
311841,2,0,6,107165,0,0
311842,1,0,10,82064,1899,1900
311843,0,0,10,82465,1955,1955
311844,1,0,9,82668,0,0
311846,2,0,6,111074,1876,1886
311848,2,0,10,84084,1815,1825
311864,1,0,8,85849,1940,1940
311888,0,0,5,72356,1930,1930
311889,0,0,8,83370,1933,1933
311911,1,0,7,89996,0,0
311912,0,0,10,91198,1970,1970
311913,0,0,9,91431,0,0
311914,2,0,10,92524,1829,1829
311915,3,0,9,92870,1916,1916
311916,2,0,10,103014,0,0
311917,0,0,10,105037,0,0
311918,0,0,10,81952,0,0
311920,1,0,10,83615,0,0
311921,2,0,9,84148,1894,1894
311922,2,0,10,68767,1905,1906
311923,1,0,8,83703,0,0
311924,0,0,10,85004,1959,1959
311932,1,0,9,85253,1885,1885
312002,1,0,10,116637,1700,1900
312033,2,0,8,85249,0,0
312035,1,0,9,85271,1877,1877
312059,2,0,10,82065,1899,1900
312060,0,0,9,82137,1952,1952
312062,2,0,6,111079,1880,1889
312064,0,0,10,85285,1927,1927
312065,2,0,9,85582,1897,1902
312122,1,0,10,52231,0,0
312123,1,0,8,59961,0,0
312175,1,0,10,56079,1700,1799
312180,1,0,8,82563,1725,1750
312202,2,0,10,116684,1733,1766
312203,0,0,10,85297,1911,1912
312204,0,0,8,72965,1949,1949
312211,2,0,10,111080,1897,1897
312212,1,0,10,111081,1907,1907
312213,2,0,8,85254,1895,1895
312214,1,0,10,85305,1897,1897
312216,1,0,10,85886,1892,1892
312217,0,0,10,65961,1929,1929
312239,1,0,10,52233,0,0
312240,1,0,7,68515,1700,1800
312263,1,0,10,85251,1901,1901
312264,2,0,4,85349,0,0
312265,2,0,9,85850,0,0
312271,2,0,9,86009,1873,1873
312301,1,0,9,82564,1725,1750
312302,1,0,7,55862,0,0
312314,0,0,10,85085,1958,1958
312316,2,0,9,85250,0,0
312337,2,0,10,214122,1911,1911
312338,0,0,1,214123,1920,1920
312339,2,0,10,214124,1880,1890
312404,1,0,6,214127,1915,1925
312542,0,0,10,214611,2006,2006
312545,1,0,10,84,1866,1876
312547,1,0,10,126598,1837,1888
312555,1,0,10,214610,2006,2006
312566,0,0,10,126593,2003,2003
312568,1,0,10,126592,1958,1958
312579,0,0,10,214612,2006,2006
312684,0,0,10,445,1925,1925
314676,1,0,10,126627,1967,1968
314677,1,0,10,126624,1946,1946
315237,3,0,10,214613,2006,2006
315498,7,0,6,135710,1945,1999
315532,0,0,6,135711,1945,1999
315534,4,0,8,135713,1970,1999
315544,0,0,8,135712,1950,1999
315609,1,0,6,135709,1800,1899
315830,0,0,9,126684,2005,2005
316091,1,0,7,29,1805,1815
316337,0,0,7,127581,1954,0
317275,0,0,9,155,1913,1913
317301,1,0,10,214615,0,0
317323,1,0,10,214621,0,0
317325,2,0,9,214622,1902,1902
317346,0,0,10,214626,2000,2000
317353,1,0,10,214629,0,0
317357,0,0,10,214631,2000,2000
317369,2,0,2,214632,1795,1795
317372,1,0,10,214634,1934,1934
317587,1,0,7,127116,1,1
317590,1,0,8,127133,1959,1959
317591,2,0,10,127289,1825,1835
317592,1,0,7,127288,1780,1790
317622,0,0,10,124,1915,1915
317736,2,0,10,170,1795,1810
317737,1,0,10,214896,2004,2004
317844,0,0,10,214636,2006,2006
317949,4,0,8,53953,0,0
317950,4,0,9,53954,0,0
317996,1,0,7,127319,20,20
318663,0,0,9,164,1937,1938
318760,1,0,6,127569,0,0
318762,1,0,10,127570,1822,1822
318871,0,0,3,127594,1945,1955
318914,2,0,8,127702,1840,1850
318915,2,0,10,127703,1775,1785
318961,0,0,8,127595,1961,1961
319173,0,0,7,214637,2007,2007
319238,0,0,9,139790,1972,1972
319240,0,0,7,139318,1967,1967
319242,0,0,7,139791,1980,1989
319243,0,0,7,139792,1980,1989
319248,0,0,8,138208,1964,1964
319251,0,0,10,139319,1970,1970
319252,0,0,6,139320,1999,1999
319255,3,0,6,139321,1969,1969
319256,3,0,9,139322,1973,1973
319257,0,0,6,138209,1973,1973
319258,2,0,8,140435,1968,1968
319263,0,0,10,140436,1990,1990
319265,0,0,7,138210,1960,1965
319268,0,0,7,153010,1982,1982
319269,0,0,7,142704,1984,1984
319272,4,0,6,142705,1990,1990
319274,0,0,5,139793,1990,1990
319275,0,0,7,139323,1990,1999
319279,0,0,7,153011,1937,1997
319281,4,0,8,143688,0,0
319282,0,0,7,153012,1930,1986
319283,0,0,9,153013,1980,1989
319284,0,0,10,138211,1981,1981
319287,0,0,5,138212,1983,1983
319290,0,0,10,139794,1989,1989
319292,0,0,6,140437,1989,1989
319299,0,0,10,138213,1990,1990
319325,1,0,10,127704,1866,1867
320113,1,0,8,71,1858,1868
320161,1,0,10,73,1856,1856
320170,8,0,9,54562,-1500,-1350
320281,2,0,7,127798,1828,1828
320309,0,0,8,132072,1971,1971
320310,1,0,8,152823,1884,1894
320990,1,0,7,152821,1662,1662
320992,0,0,10,127701,0,0
321102,0,0,10,214638,2007,2007
322081,0,0,3,139531,2007,2007
322351,2,0,10,132700,1885,1895
323331,1,0,10,132323,1900,1912
323544,1,0,10,132626,1970,1970
323704,7,0,8,214639,1846,1856
323715,2,0,10,144,1855,1855
323717,2,0,10,133028,1820,1829
323718,1,0,10,133029,1789,1789
323719,2,0,10,348,1810,1820
323725,1,0,8,140251,1909,1909
323742,0,0,7,214640,2007,2007
323829,4,0,5,138768,1200,1250
324908,0,0,7,133039,2007,2007
325797,1,0,10,133037,1890,1890
326496,0,0,10,214641,2008,2008
326529,0,0,10,133139,1952,1952
327031,1,0,9,134488,1695,1705
328153,1,0,8,133085,1967,1967
328154,1,0,9,133086,1974,1974
328155,0,0,8,133087,2007,2007
328422,1,0,4,134179,1978,1978
328423,1,0,4,134180,0,0
328433,0,0,10,134184,1959,1959
328445,1,0,7,134190,1973,1973
328449,1,0,9,134191,1974,1974
328451,0,0,10,134192,1996,1997
328488,0,0,10,133702,2008,2008
329957,0,0,10,133726,1967,1967
329958,0,0,10,133674,1964,1964
329959,0,0,10,213,1973,1974
329960,1,0,10,133675,1977,1977
329961,0,0,10,133727,1994,1994
329962,0,0,10,133676,1984,1984
330052,0,0,10,133728,1993,1993
330147,0,0,10,214642,2008,2008
330477,1,0,6,139795,1400,1600
330479,2,0,6,143689,1967,1967
330482,0,0,9,142703,1982,1982
330483,3,0,7,140438,0,0
330484,0,0,5,142701,1945,1945
330618,3,0,9,81596,0,0
330634,2,0,10,134266,1852,1852
330740,1,0,10,134700,1800,1900
330741,1,0,10,134701,1800,1900
330830,0,0,10,214643,2008,2008
330832,1,0,10,214645,1928,1928
331245,2,0,10,134370,1635,1645
331542,1,0,10,269,2007,2007
331682,1,0,10,214646,1923,1923
332121,0,0,7,134466,1996,1996
332234,0,0,8,364,1984,1987
332530,0,0,10,134493,1954,1954
332752,1,0,9,143691,1970,1970
332756,0,0,10,143692,1990,1990
332757,0,0,9,140439,1971,1971
332758,0,0,7,142702,1978,1978
332765,2,0,10,60257,1932,1932
332840,0,0,8,134490,2005,2009
332841,1,0,9,134491,1906,1906
332872,1,0,10,214897,0,0
332874,1,0,10,214898,0,0
332911,0,0,6,91580,0,0
332912,0,0,6,91581,0,0
332957,1,0,7,155018,1868,1868
332967,3,0,7,155023,1844,1854
332989,1,0,3,155021,1836,1846
332990,1,0,10,155022,1842,1852
332992,1,0,3,154063,1827,1837
332993,1,0,4,154082,1827,1837
332994,1,0,5,154073,1827,1837
332995,1,0,1,154054,1827,1837
332996,1,0,5,154049,1827,1837
332997,1,0,2,154062,1827,1837
332998,1,0,4,154080,1827,1837
332999,3,0,10,154079,1827,1837
333000,1,0,2,154076,1827,1837
333001,1,0,6,154068,1827,1837
333002,1,0,6,154066,1827,1837
333003,3,0,10,154064,1827,1837
333004,1,0,4,154060,1827,1837
333005,2,0,4,154056,1827,1837
333006,2,0,10,154053,1827,1837
333007,2,0,3,154069,1827,1837
333008,2,0,3,154072,1827,1837
333009,2,0,4,154061,1827,1837
333010,1,0,10,154070,1827,1837
333011,1,0,7,154074,1827,1837
333012,2,0,3,154052,1827,1837
333013,2,0,3,154081,1827,1837
333014,1,0,5,154057,1827,1837
333015,1,0,10,154058,1827,1837
333016,2,0,4,154077,1827,1837
333025,1,0,10,154083,1828,1828
333065,0,0,10,214647,2009,2009
333355,0,0,9,134683,2007,2007
333356,0,0,9,134684,1997,1997
333620,1,0,10,152058,1836,1836
333625,2,0,10,134592,1785,1795
336269,0,0,9,135148,1973,1973
336291,2,0,10,135596,1984,1984
336313,0,0,10,135731,1991,1991
336320,1,0,9,136097,1620,1629
336321,1,0,9,136131,1775,1790
336324,1,0,10,137562,1550,1599
336375,0,0,10,97,1918,1928
336447,6,0,5,135609,1911,1911
336539,2,0,9,136529,1810,1810
336543,0,0,10,135864,2009,2009
336544,0,0,10,135865,2009,2009
336545,0,0,9,135866,2009,2009
336546,0,0,10,135867,2009,2009
336551,0,0,8,135611,2008,2008
336741,2,0,8,135719,18,18
336770,1,0,9,137685,1915,1915
336966,1,0,4,135883,1775,1910
336967,1,0,5,135884,1869,1869
336995,2,0,6,136122,1645,1655
337011,1,0,7,135869,1850,1881
337062,5,0,10,135861,1829,1829
337063,1,0,6,135870,1890,1935
337098,0,0,10,136002,1990,1990
337100,0,0,8,137564,2009,2009
337101,0,0,6,137566,2009,2009
337102,0,0,8,137567,2009,2009
337105,0,0,10,136003,2007,2007
337126,0,0,10,214649,2010,2010
337219,0,0,8,214650,2010,2010
337239,0,0,10,135924,2001,2001
337241,8,0,9,135926,1546,1546
337418,1,0,4,136001,1850,1900
337426,0,0,10,136063,1990,1999
337427,0,0,10,136064,1992,1992
337432,0,0,10,136069,1973,1983
337433,0,0,10,136070,1978,1978
337434,0,0,10,136071,1973,1983
337438,0,0,10,136075,1984,1984
337439,1,0,10,136076,1940,1949
337440,1,0,10,136077,1945,1945
337442,1,0,10,136079,1958,1968
337443,1,0,10,136080,1940,1949
337449,1,0,10,136088,1940,1959
337453,0,0,10,136092,1990,1999
337596,1,0,10,136130,1845,1855
338203,3,0,5,136129,1795,1805
339277,0,0,10,214651,2010,2010
339520,0,0,10,136561,1978,1978
339976,0,0,9,137471,1996,1996
340079,0,0,6,137364,2011,2011
340103,2,0,10,137399,1695,1705
340104,3,0,9,137400,1620,1655
340105,2,0,1,137402,1801,1900
340344,5,0,7,154939,1835,1835
340383,4,0,7,42393,1760,1799
340384,4,0,6,143687,1600,1654
340395,2,0,9,142526,1780,1811
340423,4,0,10,140440,1810,1820
340434,5,0,3,143678,1752,1752
340437,4,0,8,42394,1725,1747
340439,8,0,6,154940,1798,1798
340441,2,0,4,142532,1600,1699
340466,8,0,7,143683,1730,1747
340515,9,0,10,143685,1767,1786
340521,17,0,6,143682,1790,1838
340522,6,0,10,143684,1890,1923
340523,6,0,7,142535,1830,1871
340533,5,0,9,142524,1700,1757
340534,6,0,3,42395,1750,1775
340536,3,0,5,142536,1625,1675
340552,2,0,8,142529,1700,1755
340553,10,0,8,41467,1775,1825
340564,2,0,6,143679,1843,1843
340851,0,0,9,137574,1954,1954
341235,1,0,7,137705,1990,1990
342180,1,0,8,140451,1633,1633
342181,1,0,9,152822,1643,1643
342182,1,0,7,140449,1713,1723
342190,1,0,10,139198,1660,1670
342196,1,0,10,152426,1818,1819
342197,1,0,9,138703,1685,1695
342199,1,0,10,288521,1859,0
342698,0,0,8,137565,2009,2009
342699,5,0,10,137836,1989,1989
343022,1,0,10,137687,1896,1896
348612,0,0,10,214653,2013,2013
349221,1,0,10,137983,1905,1905
349324,0,0,10,165372,1920,1920
349330,1,0,7,138070,1800,1899
349671,0,0,10,138548,1969,1969
349939,1,0,10,138534,1780,1790
350502,0,0,10,214654,2006,2006
350505,0,0,10,214655,2011,2011
350542,1,0,9,138555,1962,1962
350544,1,0,10,138557,1962,1962
350546,1,0,10,138558,1963,1963
350547,1,0,9,138560,1963,1963
350550,1,0,10,138563,1981,1981
350551,1,0,3,138564,1981,1982
350552,1,0,4,138565,1981,1982
350553,1,0,8,138566,1977,1987
350554,1,0,3,138567,1977,1987
351365,0,0,10,138763,1936,1936
351449,4,0,10,138864,1895,1940
351685,4,0,3,138770,1400,1500
351686,4,0,6,138773,1200,1400
351879,1,0,10,139199,1812,1818
351999,1,0,8,139194,1886,1886
352301,1,0,8,139312,1375,1465
352337,0,0,10,139492,1908,1909
352680,0,0,10,214657,1986,1986
353103,0,0,10,214656,2015,2015
353114,1,0,9,139863,1800,1899
353120,4,0,7,139864,1800,1866
353187,1,0,10,139539,1857,1858
353399,1,0,10,139552,1931,1931
353661,0,0,10,139732,1944,1944
353816,0,0,10,139734,1942,1942
353817,0,0,10,139735,1934,1934
353949,0,0,10,139702,1928,1928
353952,0,0,7,139705,1930,1930
354058,2,0,10,139760,1922,1953
354251,2,0,8,140452,1686,1686
354708,0,0,10,214658,2015,2015
355400,0,0,9,214659,2016,2016
355850,1,0,6,140445,0,0
356288,1,0,10,151165,1700,1800
356312,1,0,10,140401,1947,1952
356355,1,0,8,18578,1784,1794
356357,2,0,4,140441,18,18
356426,1,0,8,142541,1668,1668
356427,1,0,9,140446,1635,1655
356428,1,0,7,140447,1635,1645
356429,1,0,8,140448,1650,1670
356430,2,0,9,152820,1630,1640
356431,1,0,7,140450,1647,1648
356432,2,0,6,142320,1670,1680
356433,1,0,5,140892,1619,1619
356435,2,0,10,141904,1640,1640
356436,1,0,10,142321,1632,1632
356437,1,0,10,142970,1635,1645
356438,2,0,6,140453,1635,1655
356750,4,0,6,143680,1843,1843
356751,4,0,7,143681,1843,1843
357137,4,0,4,140442,0,0
357138,4,0,6,140443,0,0
357286,1,0,9,41456,1850,1860
357300,1,0,10,140693,2009,2009
357587,1,0,10,140807,1950,1950
357594,7,0,9,142527,1780,1811
357595,6,0,8,142528,1780,1811
357600,8,0,8,142530,1700,1755
357601,6,0,6,142531,1700,1755
358038,1,0,10,150734,1929,1929
358128,2,0,8,140887,1918,1918
358129,3,0,7,140888,1918,1918
358130,5,0,8,140889,1918,1918
358148,0,0,9,214661,2017,2017
358149,0,0,10,214662,2017,2017
358214,8,0,5,142533,1600,1699
358215,6,0,4,142534,1600,1699
358352,1,0,10,141900,1803,1813
358395,2,0,6,53486,0,0
358396,2,0,6,53487,0,0
359903,1,0,10,142538,1840,1840
361266,1,0,8,142885,1869,1879
361267,2,0,7,142886,0,0
361389,1,0,7,154683,0,0
361763,0,0,10,214668,2018,2018
362005,1,0,10,142975,1934,1934
362177,1,0,10,143021,1957,1957
362210,0,0,10,143125,2016,2016
362254,2,0,4,150400,13,13
362264,1,0,8,143099,1865,1865
362477,1,0,8,143101,1897,1897
363037,1,0,9,3728,1871,1881
363087,1,0,9,18579,1829,1829
364324,2,0,10,153390,1766,1833
364455,1,0,8,150707,1784,1794
364490,6,0,7,150906,17,17
364543,1,0,9,150675,1875,1885
364711,0,0,9,214670,2019,2019
365347,0,0,10,214671,2019,2019
366734,1,0,0,214672,2019,2019
367021,0,0,10,214673,2014,2014
370166,0,0,10,152401,1976,1976
370167,1,0,6,152416,1845,1855
370169,2,0,5,152423,0,0
370171,1,0,9,152428,1810,1850
370173,1,0,10,152438,1867,1867
370174,1,0,7,152432,1651,1661
370178,0,0,8,152443,1996,1996
370180,0,0,10,152453,1984,1984
370181,0,0,9,152448,1983,1983
370183,2,0,7,152419,1860,1870
370187,1,0,8,152418,1710,1720
370191,1,0,9,152410,1833,1835
370192,1,0,10,152412,1845,1855
370193,1,0,7,152414,1845,1855
370194,2,0,4,152415,1859,1859
370196,1,0,8,152408,1870,1873
370198,0,0,10,152445,1983,1983
370202,0,0,10,152442,1964,1964
370205,0,0,10,152449,1980,1980
370206,0,0,8,152446,1965,1965
370207,0,0,6,152447,1980,1980
370210,0,0,10,152437,1983,1983
370388,0,0,10,152485,1981,1981
370389,0,0,8,152476,1982,1982
370483,0,0,10,152455,1981,1981
370486,0,0,10,152456,1979,1989
370651,2,0,8,152294,1748,1748
370652,1,0,10,152295,1795,1795
370653,1,0,8,152301,1807,1825
370654,2,0,9,152296,1807,1807
371080,1,0,10,153391,1880,1890
371412,2,0,10,152302,1820,1820
371494,2,0,6,152152,0,0
371495,3,0,6,152153,1925,1925
371496,2,0,8,152154,1925,1925
371500,3,0,8,152740,1766,1799
372640,0,0,6,152155,2016,2016
372642,0,0,10,152161,2016,2016
372644,0,0,8,152163,2016,2016
372646,0,0,10,152165,2020,2020
372648,0,0,8,152167,2020,2020
372650,0,0,5,152156,2016,2016
372651,0,0,4,152157,2016,2016
372824,1,0,5,152715,0,0
372825,1,0,3,152716,0,0
372913,0,0,8,152718,1960,1970
373288,2,0,7,214674,1812,1812
373569,0,0,10,152897,2000,2000
373570,0,0,10,152894,2004,2004
373573,0,0,10,152888,1999,1999
374721,1,0,6,153061,1880,1900
374731,1,0,10,153056,2021,2021
374732,0,0,1,153088,1996,1996
374733,0,0,10,153064,1940,1950
375652,0,0,5,153238,1990,1999
377132,2,0,9,154034,1765,1790
377133,3,0,8,154035,1765,1790
377171,1,0,10,289022,1861,1861
377172,1,0,10,289023,1868,1868
377173,1,0,7,289024,1855,1865
377174,1,0,8,289025,1831,1833
377682,8,0,6,154941,1798,1798
377683,8,0,3,154942,1798,1798
377998,1,0,6,153667,1925,1925
379040,0,0,8,153749,2007,2007
379042,0,0,10,153751,2001,2001
379044,2,0,11,155019,1881,1881
379049,1,0,3,154896,1881,1891
379076,1,0,5,155820,1837,1900
379077,1,0,7,155819,1837,1900
379078,1,0,8,155822,1837,1900
379079,1,0,8,155827,1837,1900
379080,1,0,8,155828,1837,1900
379081,1,0,9,155817,1837,1900
379082,1,0,10,155821,1837,1900
379083,1,0,7,155829,1837,1900
379084,1,0,10,155818,1837,1900
379085,1,0,9,155823,1837,1900
379086,1,0,9,155824,1837,1900
379087,1,0,10,155825,1837,1900
379088,1,0,6,155830,1837,1900
379089,1,0,9,155831,1837,1900
379090,1,0,8,155826,1837,1900
379091,1,0,10,155832,1837,1900
379120,0,0,10,154833,1927,1927
379123,1,0,10,153671,2010,2021
379143,1,0,10,289195,2007,2007
379491,1,0,8,154032,1647,1650
379679,1,0,8,154004,1817,1817
379780,1,0,10,154609,1910,1910
381071,1,0,9,154480,1818,1818
381072,1,0,8,154481,1818,1818
381078,1,0,6,154473,1730,1755
382580,1,0,10,289402,0,0
382793,0,0,10,3736,2023,2023
383920,0,0,6,155001,2018,2018
384132,0,0,10,155093,1983,2003
384134,1,0,6,154944,1775,1815
384627,1,0,10,155067,2022,2022
384628,1,0,8,155068,2022,2022
384629,1,0,10,155069,2022,2022
384630,1,0,10,155070,2022,2022
384631,1,0,10,155071,2022,2022
384632,1,0,10,155072,2022,2022
384633,1,0,10,155073,2022,2022
384634,1,0,10,155074,2022,2022
384635,1,0,10,155075,2022,2022
384636,1,0,10,155076,2022,2022
384637,1,0,10,155077,2022,2022
384638,1,0,10,155078,2022,2022
384639,1,0,10,155079,2022,2022
384640,1,0,10,155080,2022,2022
385306,1,0,10,155279,1989,1989
385307,1,0,9,155278,1976,1976
385308,1,0,10,155277,1974,1974
385316,1,0,10,155286,0,0
385345,1,0,10,155316,2016,2016
385350,1,0,10,155321,0,0
385352,1,0,7,155323,0,0
385375,1,0,10,155344,1990,1990
385376,1,0,10,155343,1989,1989
385396,1,0,0,289696,1977,1977
386233,1,0,10,289653,1600,1699
386234,1,0,10,289654,1600,1699
386237,1,0,10,289630,1656,1656
386238,1,0,8,289631,1600,1699
386246,1,0,7,289655,1600,1699
386366,3,0,0,155239,1925,1935
386497,1,0,8,72926,0,0
386498,1,0,8,72927,0,0
386499,1,0,8,72928,0,0
386749,1,0,10,155213,1952,1952
386750,1,0,10,155214,1945,1945
386938,1,0,7,155372,1805,1805
387026,1,0,8,155371,1908,1924
387188,1,0,4,155616,1972,1972
387208,3,0,6,155641,2023,2023
387824,3,0,10,155833,1930,1930
197403,1,0,10,120956,1696,1696
197473,2,0,10,139533,1700,1840
197664,4,0,8,119541,1760,1900
197759,2,0,10,106220,1795,1805
197760,2,0,10,106221,1695,1705
197964,1,0,10,134821,1800,1899
197966,0,0,10,120825,1991,1992
197973,1,0,9,139532,1700,1840
198015,5,0,8,119539,1800,1900
198020,2,0,3,119543,1767,1799
198553,0,0,10,214871,1962,1962
198822,1,0,10,214870,0,0
198984,1,0,9,82509,1867,1899
199016,1,0,10,134833,1570,1580
199169,1,0,9,68621,1678,1688
199170,1,0,10,68624,1678,1688
199171,1,0,8,68627,1678,1688
199172,1,0,10,68628,1678,1688
199176,1,0,5,51781,1700,1800
199179,1,0,6,82506,1867,1899
199186,2,0,8,121598,1612,1622
199194,1,0,8,68642,1678,1688
199204,1,0,9,68644,1678,1688
199227,1,0,9,68623,1678,1688
199228,1,0,10,68632,1678,1688
199229,1,0,10,68634,1678,1688
199230,1,0,7,68638,1678,1688
199231,1,0,5,68641,1678,1688
199262,1,0,10,68635,1678,1688
199263,2,0,9,68636,1678,1688
199264,1,0,7,68639,1678,1688
199265,1,0,9,68640,1678,1688
199299,1,0,7,68643,1678,1688
199401,40,0,10,91475,1471,1471
199412,1,0,10,68599,1678,1688
199413,1,0,10,68601,1678,1688
199414,1,0,10,68615,1678,1688
199419,1,0,7,92932,0,0
199459,1,0,10,102272,0,0
199471,3,0,5,138047,1800,1899
199472,1,0,10,68590,1678,1688
199478,1,0,10,68603,1678,1688
199479,2,0,10,68604,1678,1688
199493,1,0,10,109644,0,0
199498,1,0,8,68584,1678,1688
199499,1,0,10,68585,1678,1688
199500,1,0,9,68589,1678,1688
199501,1,0,10,68591,1678,1688
199502,2,0,7,68592,1678,1688
199503,1,0,10,68594,1678,1688
199504,1,0,8,68595,1678,1688
199521,1,0,8,68605,1678,1688
199522,1,0,10,68608,1678,1688
199523,1,0,8,68609,1678,1688
199524,1,0,6,92933,0,0
199533,1,0,6,68622,1678,1688
199534,1,0,9,68630,1678,1688
199535,1,0,10,68633,1678,1688
199536,2,0,8,68637,1678,1688
199537,1,0,8,68610,1678,1688
199538,1,0,10,68612,1678,1688
199539,1,0,8,68617,1678,1688
199540,1,0,10,68619,1678,1688
199558,1,0,10,68625,1678,1688
199559,1,0,10,68626,1678,1688
199560,1,0,10,68629,1678,1688
199561,1,0,9,68631,1678,1688
199565,1,0,6,68600,1678,1688
199566,1,0,10,68602,1678,1688
199567,1,0,10,68606,1678,1688
199568,1,0,8,68607,1678,1688
199569,1,0,10,68611,1678,1688
199570,2,0,5,68613,1678,1688
199571,1,0,10,68616,1678,1688
199572,1,0,10,68618,1678,1688
199573,1,0,8,68620,1678,1688
199594,1,0,7,82504,1867,1899
199595,1,0,7,82505,1867,1899
199599,3,0,8,113751,1600,1800
199600,1,0,6,115904,1667,1700
199607,1,0,9,82501,1867,1899
199631,1,0,10,82503,1867,1899
199636,1,0,9,82510,1867,1899
199685,2,0,8,116297,1400,1499
199694,1,0,9,82507,1867,1899
199695,1,0,6,82508,1867,1899
199710,1,0,5,102199,0,0
199773,1,0,10,109450,1600,1632
199782,2,0,5,109655,1733,1766
199786,2,0,7,68587,1678,1688
199787,1,0,10,68593,1678,1688
199789,1,0,8,109653,18,1832
199793,1,0,10,68586,1678,1688
199794,1,0,10,68588,1678,1688
199795,1,0,10,68596,1678,1688
199796,2,0,6,68597,1678,1688
199797,1,0,6,68598,1678,1688
199813,1,0,7,92930,1733,1766
199824,2,0,10,108691,1509,1510
199825,2,0,10,108706,1509,1510
199828,1,0,10,116294,1955,1955
199829,1,0,9,108831,1670,1691
199834,2,0,10,108770,1509,1510
199835,2,0,8,108803,1509,1510
199836,2,0,8,108731,1509,1510
199837,2,0,8,108746,1509,1510
199838,2,0,10,108749,1509,1510
199842,2,0,8,108773,1509,1510
199843,2,0,9,108788,1509,1510
199844,2,0,7,108797,1509,1510
199845,2,0,8,108806,1509,1510
199846,2,0,8,108809,1509,1510
199847,2,0,7,108812,1509,1510
199864,1,0,7,116303,19,1932
199865,2,0,9,108688,1509,1510
199866,2,0,10,406,1509,1510
199870,2,0,10,108827,1509,1510
199872,30,0,9,109743,1864,1864
199874,2,0,5,109176,1650,1659
199883,2,0,8,109127,1650,1650
199890,2,0,4,108974,0,0
199898,1,0,6,105846,1835,1845
199901,2,0,10,106126,1801,1900
199912,4,0,6,108924,1400,1499
199926,2,0,10,99673,0,0
199937,2,0,10,108725,1509,1510
199940,2,0,10,108815,1509,1510
199945,2,0,10,138051,1795,1843
199995,5,0,7,138036,1661,1673
200001,2,0,9,108761,1509,1510
200002,2,0,10,108776,1509,1510
200003,2,0,10,108785,1509,1510
200004,2,0,8,108800,1509,1510
200005,1,0,10,108830,1670,1691
200044,1,0,10,113759,1615,1615
200053,1,0,2,116304,1900,1930
200055,2,0,10,108682,1509,1510
200057,2,0,10,108722,1509,1510
200058,2,0,8,108737,1509,1510
200059,2,0,10,108697,1509,1510
200094,1,0,10,116219,0,0
200095,1,0,10,53819,1630,1680
200108,2,0,6,116213,1650,1700
200158,2,0,10,108685,1509,1510
200159,2,0,10,108694,1509,1510
200160,2,0,8,108712,1509,1510
200161,2,0,10,108715,1509,1510
200162,2,0,10,108719,1509,1510
200163,2,0,9,108752,1509,1510
200165,3,0,6,103873,1600,1632
200177,2,0,10,108728,1509,1510
200178,2,0,9,108734,1509,1510
200179,2,0,6,108743,1509,1510
200182,2,0,10,108755,1509,1510
200186,2,0,9,108700,1509,1510
200187,2,0,9,108709,1509,1510
200188,2,0,9,108740,1509,1510
200190,2,0,9,108703,1509,1510
200193,2,0,8,108767,1509,1510
200200,2,0,10,108764,1509,1510
200201,2,0,9,108779,1509,1510
200202,2,0,9,108791,1509,1510
200231,2,0,10,108758,1509,1510
200232,2,0,10,108782,1509,1510
200233,2,0,8,108794,1509,1510
200234,2,0,10,108818,1509,1510
200253,2,0,10,108821,0,0
200266,2,0,10,108824,1509,1510
200272,1,0,7,105845,1895,1905
200283,1,0,6,116215,1600,1650
200288,1,0,9,113758,1615,1615
200301,1,0,10,115571,1750,1799
200405,1,0,9,114073,1866,1866
200412,4,0,6,113458,1708,1708
200415,2,0,10,108679,1509,1510
200507,1,0,5,116214,1600,1650
200524,1,0,10,104460,1809,1809
200534,1,0,8,116220,1700,1899
200535,1,0,10,53820,1630,1680
200555,3,0,8,116195,1700,1750
200556,1,0,6,116203,1600,1650
200557,1,0,3,116207,1750,1800
200558,1,0,6,116208,1750,1800
200559,1,0,7,116216,1600,1700
200700,1,0,7,114076,1600,1632
200701,1,0,10,114077,1625,1646
200703,1,0,7,115573,1760,1793
200744,1,0,9,114071,1848,1848
200745,1,0,8,114075,1625,1646
200746,1,0,8,114078,1800,1800
200820,1,0,10,113868,1900,1999
200856,3,0,8,115821,1966,1966
200873,1,0,7,105743,1321,1321
200874,1,0,9,105745,0,0
200902,3,0,6,116198,1600,1635
200903,2,0,7,116199,1600,1635
200904,2,0,7,116204,1600,1650
200905,2,0,6,116206,1670,1740
200936,1,0,6,105747,0,0
200945,1,0,6,116192,1600,1740
200946,1,0,5,116193,1600,1700
200947,1,0,6,116205,1670,1740
200948,1,0,5,116209,1600,1700
200961,1,0,9,114072,1848,1848
200988,1,0,7,116196,1650,1700
200989,1,0,7,116197,1600,1700
201009,2,0,10,116194,1700,1750
201010,1,0,8,116217,1600,1700
201029,1,0,8,105739,0,0
201030,1,0,9,105740,1305,1305
201047,1,0,5,116201,1640,1670
201048,2,0,7,116202,1640,1670
201049,2,0,5,116200,1600,1635
201050,1,0,6,116191,1600,1740
201051,1,0,10,107238,0,0
201052,1,0,10,107240,0,0
201053,1,0,9,107242,0,0
201054,1,0,6,107798,1757,1757
201057,0,0,8,111088,1981,1991
201086,1,0,4,105805,1859,1859
201099,1,0,10,107302,1633,1666
201119,2,0,10,108676,1509,1510
201120,2,0,8,108670,1509,1510
201124,1,0,10,105704,1831,1831
201134,2,0,3,107848,1867,1899
201141,1,0,7,105803,1859,1859
201146,1,0,6,107192,1561,1561
201158,1,0,10,107193,1610,1610
201160,1,0,10,107233,0,0
201161,1,0,8,107243,0,0
201162,1,0,10,107244,0,0
201163,1,0,9,107324,0,0
201166,3,0,7,111011,1822,1822
201167,1,0,9,111703,0,0
201168,1,0,5,113322,1757,1757
201173,1,0,8,105806,1859,1859
201174,1,0,9,105808,1859,1859
201175,1,0,8,105811,1859,1859
201176,1,0,7,105812,1859,1859
201182,1,0,9,105724,0,0
201197,1,0,10,105741,1550,1599
201198,1,0,7,105742,0,0
201202,0,0,8,111087,1981,1991
201209,2,0,10,108673,1509,1510
201213,1,0,8,105723,0,0
201215,1,0,10,112060,1866,1866
201229,2,0,9,105721,1700,1899
201234,1,0,8,111013,1800,1900
201243,1,0,8,111168,1498,1498
201244,1,0,9,111169,1498,1498
201306,1,0,10,106608,0,0
201308,1,0,7,106611,0,0
201386,1,0,10,107920,1757,1757
201391,1,0,8,111170,1498,1498
201392,3,0,8,111171,1498,1498
201412,1,0,10,107194,1771,1771
201413,1,0,10,107234,0,0
201414,1,0,7,107236,0,0
201416,0,0,8,111089,1981,1991
201428,1,0,9,107235,0,0
201429,1,0,10,107239,0,0
201430,1,0,10,107241,0,0
201447,1,0,8,105804,1859,1859
201448,1,0,8,105807,1859,1859
201449,1,0,9,105809,1859,1859
201450,1,0,7,105810,1859,1859
201453,1,0,8,107237,0,0
201467,1,0,9,122266,1800,1900
201492,2,0,7,105589,1900,1911
201499,3,0,9,105774,1786,1799
201528,1,0,5,103008,1750,1750
201554,1,0,7,105802,1859,1859
201566,0,0,10,214861,0,0
201570,1,0,10,105784,0,0
201583,1,0,6,106615,0,0
201596,1,0,9,106607,1300,1325
201619,1,0,6,106640,0,0
201691,2,0,8,102882,1640,1670
201702,2,0,10,105776,0,0
201705,2,0,8,105790,1660,1660
201751,2,0,5,105591,1750,1818
201775,2,0,10,120159,1825,1835
201777,1,0,5,116210,1560,1600
201782,1,0,9,114215,1300,1399
201793,1,0,8,114136,1775,1832
201813,2,0,1,104527,0,0
201815,5,0,8,105088,1923,0
201850,1,0,6,99178,1737,1737
201852,2,0,7,102883,1630,1670
201853,2,0,5,102884,1630,1670
201896,1,0,9,100899,0,0
201899,1,0,8,102270,0,0
201900,1,0,6,102275,1600,1632
201901,1,0,6,102865,1400,1499
201927,1,0,7,103854,1736,1795
201928,1,0,7,103855,1736,1795
201929,1,0,7,103856,1736,1795
201930,1,0,7,103857,1736,1795
201931,1,0,6,103858,1736,1795
201935,1,0,10,104546,1733,1766
201936,1,0,10,105041,1627,1627
201946,1,0,9,105036,1675,1702
201966,3,0,5,103839,1500,1599
201976,2,0,6,100900,1400,1600
201989,1,0,8,102938,0,0
201992,1,0,6,104575,0,0
201994,1,0,8,105035,1675,1702
202023,1,0,7,99179,1744,1744
202036,1,0,6,103859,1736,1795
202037,1,0,7,103860,1736,1795
202083,1,0,5,95300,1600,1632
202090,3,0,4,95698,1603,1704
202109,2,0,6,87970,700,899
202110,1,0,7,90552,1740,1830
202112,2,0,6,286,1370,1400
202114,1,0,10,100337,1700,1749
202127,1,0,9,90034,1633,1666
202128,2,0,7,87784,1400,1600
202129,1,0,7,90553,1740,1830
202135,1,0,5,99155,1733,1766
202136,10,0,6,99180,1717,1727
202137,1,0,6,99186,1500,1599
202146,3,0,6,103592,0,0
202151,38,0,11,95927,1733,1766
202173,1,0,6,95836,0,0
202186,1,0,10,99249,0,0
202187,1,0,7,99881,0,0
202198,0,0,10,103761,1974,1974
202199,1,0,8,103795,1818,1818
202207,2,0,8,92206,1826,1826
202241,2,0,5,95945,0,0
